Date,PX_LAST,PX_OPEN
12/ Aug 11,1483.67,1484.14
15/ Aug 11,1499.94034,1486.23851
16/ Aug 11,1498.6,1504.5
17/ Aug 11,1503.7,1502.8
18/ Aug 11,1504.1,1507.5
19/ Aug 11,1485.0,1492.7
22/ Aug 11,1473.3,1478.5
23/ Aug 11,1483.8,1475.7
24/ Aug 11,1470.7,1486.7
25/ Aug 11,1466.5,1472.1
26/ Aug 11,1446.7,1462.3
29/ Aug 11,1449.4,1450.3
02/ Sep 11,1476.5,1463.0
05/ Sep 11,1465.7,1472.3
06/ Sep 11,1457.1,1463.0
07/ Sep 11,1467.5,1461.0
08/ Sep 11,1473.0,1469.2
09/ Sep 11,1472.5,1476.3
12/ Sep 11,1449.7,1468.3
13/ Sep 11,1451.7,1453.8
14/ Sep 11,1441.5,1456.9
15/ Sep 11,1434.9,1446.7
19/ Sep 11,1417.3,1436.3
20/ Sep 11,1415.0,1414.3
21/ Sep 11,1423.6,1418.0
22/ Sep 11,1392.5,1417.8
23/ Sep 11,1370.7,1382.0
26/ Sep 11,1336.6,1362.6
27/ Sep 11,1369.3,1344.4
28/ Sep 11,1376.9,1372.7
29/ Sep 11,1393.0,1366.9
30/ Sep 11,1392.9,1396.4
03/ Oct 11,1373.4,1387.7
04/ Oct 11,1367.4,1368.2
05/ Oct 11,1381.9,1371.0
06/ Oct 11,1400.2,1387.6
07/ Oct 11,1406.8,1404.2
10/ Oct 11,1404.0,1405.5
11/ Oct 11,1418.8,1414.1
12/ Oct 11,1436.0,1421.8
13/ Oct 11,1452.6,1439.4
14/ Oct 11,1450.4,1455.1
17/ Oct 11,1473.6,1460.1
18/ Oct 11,1448.2,1468.0
19/ Oct 11,1458.8,1453.4
20/ Oct 11,1449.9,1454.2
21/ Oct 11,1447.7,1450.0
24/ Oct 11,1459.2,1459.0
25/ Oct 11,1467.2,1462.8
27/ Oct 11,1480.6,1471.1
28/ Oct 11,1491.7,1490.1
31/ Oct 11,1502.1,1494.8
01/ Nov 11,1485.9,1494.5
02/ Nov 11,1481.4,1478.2
03/ Nov 11,1473.0,1482.5
04/ Nov 11,1488.4,1481.7
08/ Nov 11,1491.6,1494.4
09/ Nov 11,1501.0,1492.5
10/ Nov 11,1484.1,1480.7
11/ Nov 11,1480.4,1486.3
14/ Nov 11,1490.8,1491.6
15/ Nov 11,1489.3,1487.7
16/ Nov 11,1489.1,1493.5
17/ Nov 11,1477.9,1488.0
18/ Nov 11,1466.9,1474.9
21/ Nov 11,1446.6,1464.4
22/ Nov 11,1450.7,1443.5
23/ Nov 11,1446.1,1448.5
24/ Nov 11,1461.2,1445.0
25/ Nov 11,1444.8,1460.5
29/ Nov 11,1458.3,1451.3
30/ Nov 11,1486.1,1458.3
01/ Dec 11,1499.6,1501.3
02/ Dec 11,1503.6,1504.0
05/ Dec 11,1504.8,1504.5
06/ Dec 11,1495.8,1499.8
07/ Dec 11,1498.1,1495.7
08/ Dec 11,1488.1,1493.0
09/ Dec 11,1475.4,1480.0
12/ Dec 11,1482.7,1479.3
13/ Dec 11,1481.1,1478.6
14/ Dec 11,1479.0,1477.9
15/ Dec 11,1480.2,1474.2
16/ Dec 11,1482.6,1481.6
19/ Dec 11,1494.5,1483.3
20/ Dec 11,1481.9,1492.7
21/ Dec 11,1502.1,1489.9
22/ Dec 11,1508.9,1502.0
23/ Dec 11,1513.8,1507.8
27/ Dec 11,1518.9,1512.0
28/ Dec 11,1522.3,1517.9
29/ Dec 11,1525.1,1518.4
30/ Dec 11,1549.7,1527.6
03/ Jan 12,1532.5,1542.6
04/ Jan 12,1523.2,1536.9
05/ Jan 12,1533.8,1526.3
06/ Jan 12,1533.7,1532.7
09/ Jan 12,1541.6,1534.8
10/ Jan 12,1542.0,1539.8
11/ Jan 12,1542.6,1542.3
12/ Jan 12,1546.1,1541.6
13/ Jan 12,1543.8,1546.4
16/ Jan 12,1529.8,1541.2
17/ Jan 12,1540.4,1530.5
18/ Jan 12,1538.6,1538.3
19/ Jan 12,1538.2,1537.2
20/ Jan 12,1544.4,1539.8
25/ Jan 12,1541.6,1545.6
26/ Jan 12,1546.0,1542.8
27/ Jan 12,1543.2,1546.2
30/ Jan 12,1535.9,1541.4
31/ Jan 12,1544.0,1539.7
02/ Feb 12,1560.3,1549.6
03/ Feb 12,1562.2,1561.0
08/ Feb 12,1577.0,1565.9
09/ Feb 12,1589.5,1579.2
10/ Feb 12,1586.0,1587.1
13/ Feb 12,1587.4,1584.9
14/ Feb 12,1590.9,1590.1
15/ Feb 12,1586.3,1591.8
16/ Feb 12,1575.5,1583.4
17/ Feb 12,1582.5,1579.0
20/ Feb 12,1586.2,1583.5
21/ Feb 12,1589.7,1588.9
22/ Feb 12,1586.6,1589.9
23/ Feb 12,1582.9,1585.4
24/ Feb 12,1585.2,1583.5
27/ Feb 12,1585.7,1587.3
28/ Feb 12,1583.6,1589.1
29/ Feb 12,1596.9,1584.6
01/ Mar 12,1601.0,1596.4
02/ Mar 12,1611.7,1602.8
05/ Mar 12,1617.5,1614.9
06/ Mar 12,1618.4,1617.6
07/ Mar 12,1603.3,1613.9
08/ Mar 12,1607.1,1605.0
09/ Mar 12,1607.9,1608.2
12/ Mar 12,1593.6,1609.0
13/ Mar 12,1593.1,1593.9
14/ Mar 12,1605.2,1599.5
15/ Mar 12,1609.2,1605.8
16/ Mar 12,1601.3,1610.5
19/ Mar 12,1603.7,1604.4
20/ Mar 12,1608.0,1605.6
21/ Mar 12,1613.2,1606.0
22/ Mar 12,1614.2,1611.8
23/ Mar 12,1617.0,1615.1
26/ Mar 12,1614.3,1617.1
27/ Mar 12,1619.8,1617.4
28/ Mar 12,1615.6,1620.1
29/ Mar 12,1617.5,1616.2
30/ Mar 12,1628.8,1622.6
02/ Apr 12,1636.6,1627.3
03/ Apr 12,1639.8,1640.3
04/ Apr 12,1632.5,1640.9
05/ Apr 12,1626.7,1629.0
06/ Apr 12,1632.5,1627.8
09/ Apr 12,1625.0,1632.9
10/ Apr 12,1631.2,1621.6
12/ Apr 12,1635.6,1631.6
13/ Apr 12,1637.7,1636.9
16/ Apr 12,1632.2,1637.2
17/ Apr 12,1631.1,1632.7
18/ Apr 12,1634.0,1633.2
19/ Apr 12,1632.0,1634.5
20/ Apr 12,1627.3,1632.4
23/ Apr 12,1619.3,1627.5
24/ Apr 12,1617.9,1616.2
25/ Apr 12,1615.2,1618.3
26/ Apr 12,1615.7,1616.4
27/ Apr 12,1603.8,1616.4
30/ Apr 12,1606.9,1606.7
02/ May 12,1619.1,1609.0
03/ May 12,1620.1,1618.7
04/ May 12,1628.4,1622.5
07/ May 12,1622.3,1622.6
08/ May 12,1628.4,1622.1
09/ May 12,1622.8,1629.1
10/ May 12,1626.2,1622.0
11/ May 12,1622.6,1626.7
14/ May 12,1613.4,1620.5
15/ May 12,1599.2,1609.2
16/ May 12,1573.8,1596.6
17/ May 12,1582.4,1574.2
18/ May 12,1570.6,1577.5
21/ May 12,1577.4,1571.5
22/ May 12,1585.7,1578.4
23/ May 12,1578.6,1586.2
24/ May 12,1587.6,1579.7
25/ May 12,1590.7,1588.3
28/ May 12,1594.9,1585.1
29/ May 12,1605.7,1594.1
30/ May 12,1616.0,1608.9
31/ May 12,1621.9,1612.8
01/ Jun 12,1614.9,1615.0
04/ Jun 12,1596.2,1607.5
05/ Jun 12,1601.7,1596.5
06/ Jun 12,1611.2,1605.3
07/ Jun 12,1617.5,1617.0
08/ Jun 12,1612.9,1617.5
11/ Jun 12,1621.1,1618.6
12/ Jun 12,1618.9,1619.8
13/ Jun 12,1619.3,1619.8
14/ Jun 12,1614.1,1619.8
15/ Jun 12,1622.8,1618.2
18/ Jun 12,1626.6,1627.3
19/ Jun 12,1639.4,1625.3
20/ Jun 12,1649.3,1640.6
21/ Jun 12,1646.5,1651.1
22/ Jun 12,1648.4,1644.9
25/ Jun 12,1648.7,1648.3
26/ Jun 12,1639.6,1648.1
27/ Jun 12,1647.8,1640.2
28/ Jun 12,1640.2,1648.6
29/ Jun 12,1645.5,1640.7
02/ Jul 12,1647.4,1646.4
03/ Jul 12,1654.7,1649.3
04/ Jul 12,1661.2,1656.7
05/ Jul 12,1662.1,1660.4
06/ Jul 12,1668.6,1663.9
09/ Jul 12,1668.6,1667.6
10/ Jul 12,1672.9,1669.5
11/ Jul 12,1678.4,1669.8
12/ Jul 12,1674.6,1678.0
13/ Jul 12,1675.7,1672.0
16/ Jul 12,1685.8,1678.0
17/ Jul 12,1689.3,1685.8
18/ Jul 12,1695.6,1690.9
19/ Jul 12,1695.4,1696.3
20/ Jul 12,1694.0,1695.2
23/ Jul 12,1687.2,1694.0
24/ Jul 12,1683.7,1689.3
25/ Jul 12,1686.5,1682.3
26/ Jul 12,1675.2,1689.2
27/ Jul 12,1676.5,1676.5
30/ Jul 12,1684.3,1678.7
31/ Jul 12,1683.8,1685.5
01/ Aug 12,1684.9,1680.4
02/ Aug 12,1686.1,1686.0
03/ Aug 12,1688.0,1682.5
06/ Aug 12,1692.8,1687.7
07/ Aug 12,1684.4,1694.2
08/ Aug 12,1689.6,1687.1
09/ Aug 12,1696.6,1689.6
10/ Aug 12,1699.8,1695.3
13/ Aug 12,1701.0,1702.0
14/ Aug 12,1708.0,1701.5
15/ Aug 12,1709.2,1706.7
16/ Aug 12,1705.6,1708.0
17/ Aug 12,1705.5,1707.5
22/ Aug 12,1708.3,1708.3
23/ Aug 12,1707.9,1709.5
24/ Aug 12,1704.6,1708.5
27/ Aug 12,1704.7,1705.5
28/ Aug 12,1703.9,1705.0
29/ Aug 12,1702.5,1704.6
30/ Aug 12,1703.3,1701.9
03/ Sep 12,1711.6,1707.0
04/ Sep 12,1712.0,1711.8
05/ Sep 12,1698.7,1712.0
06/ Sep 12,1675.1,1691.2
07/ Sep 12,1682.1,1676.3
10/ Sep 12,1678.7,1682.8
11/ Sep 12,1671.9,1676.2
12/ Sep 12,1671.6,1669.8
13/ Sep 12,1687.0,1671.1
14/ Sep 12,1702.3,1693.9
18/ Sep 12,1699.8,1706.6
19/ Sep 12,1706.0,1701.2
20/ Sep 12,1685.0,1699.6
21/ Sep 12,1683.2,1685.0
24/ Sep 12,1671.7,1673.8
25/ Sep 12,1678.4,1671.4
26/ Sep 12,1679.4,1674.2
27/ Sep 12,1688.4,1681.4
28/ Sep 12,1697.8,1690.7
01/ Oct 12,1704.9,1696.7
02/ Oct 12,1713.2,1707.6
03/ Oct 12,1712.1,1716.1
04/ Oct 12,1724.5,1712.2
05/ Oct 12,1723.4,1728.5
08/ Oct 12,1723.6,1723.8
09/ Oct 12,1727.1,1722.2
10/ Oct 12,1723.2,1724.7
11/ Oct 12,1719.4,1721.2
12/ Oct 12,1717.4,1718.5
15/ Oct 12,1718.8,1716.0
16/ Oct 12,1718.1,1720.7
17/ Oct 12,1725.7,1720.3
18/ Oct 12,1730.9,1725.6
19/ Oct 12,1732.1,1730.9
22/ Oct 12,1727.7,1732.4
23/ Oct 12,1731.0,1726.8
24/ Oct 12,1734.5,1729.8
25/ Oct 12,1738.8,1735.3
29/ Oct 12,1739.7,1745.7
30/ Oct 12,1742.1,1738.1
31/ Oct 12,1740.7,1743.9
01/ Nov 12,1743.6,1743.8
02/ Nov 12,1723.5,1741.9
05/ Nov 12,1721.6,1726.3
06/ Nov 12,1713.0,1721.6
07/ Nov 12,1713.2,1717.2
08/ Nov 12,1708.8,1709.5
09/ Nov 12,1709.0,1709.9
12/ Nov 12,1705.6,1708.4
14/ Nov 12,1699.7,1705.6
16/ Nov 12,1697.4,1702.8
19/ Nov 12,1691.4,1692.3
20/ Nov 12,1692.5,1694.9
21/ Nov 12,1691.5,1692.7
22/ Nov 12,1687.1,1689.9
23/ Nov 12,1682.9,1687.5
26/ Nov 12,1676.4,1684.5
27/ Nov 12,1666.5,1675.4
28/ Nov 12,1675.5,1661.2
29/ Nov 12,1676.5,1677.8
30/ Nov 12,1680.4,1680.1
03/ Dec 12,1677.0,1678.0
04/ Dec 12,1677.5,1677.9
05/ Dec 12,1684.2,1679.7
06/ Dec 12,1686.9,1685.3
07/ Dec 12,1688.8,1686.4
10/ Dec 12,1704.0,1689.5
11/ Dec 12,1714.1,1706.0
12/ Dec 12,1722.8,1717.0
13/ Dec 12,1726.2,1725.7
14/ Dec 12,1725.6,1726.1
17/ Dec 12,1722.3,1722.3
18/ Dec 12,1733.9,1724.5
19/ Dec 12,1740.6,1741.4
20/ Dec 12,1746.0,1738.3
21/ Dec 12,1734.0,1742.6
24/ Dec 12,1745.2,1738.3
26/ Dec 12,1747.7,1745.6
27/ Dec 12,1750.7,1749.8
28/ Dec 12,1758.4,1764.0
31/ Dec 12,1766.6,1755.6
02/ Jan 13,1751.9,1762.8
03/ Jan 13,1770.9,1759.1
04/ Jan 13,1771.0,1775.8
07/ Jan 13,1772.9,1771.6
08/ Jan 13,1767.6,1770.2
09/ Jan 13,1768.9,1770.8
10/ Jan 13,1763.5,1771.2
11/ Jan 13,1761.7,1772.2
14/ Jan 13,1764.0,1765.8
15/ Jan 13,1765.5,1767.6
16/ Jan 13,1762.6,1766.4
17/ Jan 13,1760.9,1766.2
18/ Jan 13,1756.2,1762.9
21/ Jan 13,1713.7,1756.3
22/ Jan 13,1706.6,1704.8
23/ Jan 13,1713.7,1704.8
25/ Jan 13,1715.9,1722.2
29/ Jan 13,1716.3,1724.3
30/ Jan 13,1706.4,1718.4
31/ Jan 13,1706.4,1707.0
04/ Feb 13,1714.0,1714.0
05/ Feb 13,1712.9,1714.3
06/ Feb 13,1693.0,1713.8
07/ Feb 13,1698.9,1678.4
08/ Feb 13,1703.5,1703.2
13/ Feb 13,1711.4,1707.5
14/ Feb 13,1711.3,1715.9
15/ Feb 13,1708.4,1713.2
18/ Feb 13,1701.3,1710.1
19/ Feb 13,1695.4,1702.8
20/ Feb 13,1693.7,1698.1
21/ Feb 13,1694.7,1689.7
22/ Feb 13,1703.3,1698.3
25/ Feb 13,1709.1,1702.5
26/ Feb 13,1705.9,1706.8
27/ Feb 13,1706.1,1707.3
28/ Feb 13,1720.5,1707.6
01/ Mar 13,1720.5,1719.4
04/ Mar 13,1719.1,1721.5
05/ Mar 13,1725.8,1721.3
06/ Mar 13,1736.2,1725.1
07/ Mar 13,1735.5,1741.5
08/ Mar 13,1738.9,1735.4
11/ Mar 13,1743.3,1737.3
12/ Mar 13,1742.0,1747.4
13/ Mar 13,1731.3,1739.0
14/ Mar 13,1725.8,1731.1
15/ Mar 13,1712.2,1726.6
18/ Mar 13,1705.8,1710.3
19/ Mar 13,1710.3,1706.1
20/ Mar 13,1716.9,1707.9
21/ Mar 13,1716.3,1718.2
22/ Mar 13,1712.4,1715.7
25/ Mar 13,1730.5,1716.6
26/ Mar 13,1740.1,1739.1
27/ Mar 13,1755.9,1743.0
28/ Mar 13,1762.9,1758.1
29/ Mar 13,1760.6,1769.4
01/ Apr 13,1756.5,1761.0
02/ Apr 13,1775.1,1758.0
03/ Apr 13,1775.7,1778.8
04/ Apr 13,1779.1,1771.2
05/ Apr 13,1779.5,1777.1
08/ Apr 13,1779.1,1782.9
09/ Apr 13,1781.7,1780.0
10/ Apr 13,1788.1,1779.9
11/ Apr 13,1799.8,1790.2
12/ Apr 13,1791.0,1801.6
15/ Apr 13,1790.4,1790.8
16/ Apr 13,1793.6,1788.5
17/ Apr 13,1804.8,1796.1
18/ Apr 13,1800.0,1804.1
19/ Apr 13,1800.3,1800.8
22/ Apr 13,1800.9,1797.3
23/ Apr 13,1794.5,1800.8
24/ Apr 13,1802.0,1795.3
25/ Apr 13,1801.2,1797.3
26/ Apr 13,1806.6,1802.1
29/ Apr 13,1803.3,1805.2
30/ Apr 13,1813.8,1806.3
02/ May 13,1809.6,1811.2
03/ May 13,1790.0,1807.7
06/ May 13,1850.7,1871.4
07/ May 13,1877.0,1859.6
08/ May 13,1874.4,1882.7
09/ May 13,1866.2,1874.4
10/ May 13,1873.1,1851.9
13/ May 13,1889.7,1884.4
14/ May 13,1890.5,1888.1
15/ May 13,1885.0,1895.2
16/ May 13,1868.0,1882.6
17/ May 13,1870.8,1870.2
20/ May 13,1879.5,1875.1
21/ May 13,1890.5,1879.9
22/ May 13,1887.1,1892.1
23/ May 13,1875.8,1880.6
27/ May 13,1869.8,1872.9
28/ May 13,1879.6,1869.3
29/ May 13,1887.5,1881.5
30/ May 13,1878.7,1885.3
31/ May 13,1872.9,1880.8
03/ Jun 13,1870.0,1875.6
04/ Jun 13,1881.3,1872.9
05/ Jun 13,1879.1,1880.9
06/ Jun 13,1874.2,1880.3
07/ Jun 13,1880.7,1874.7
10/ Jun 13,1893.9,1885.8
11/ Jun 13,1885.4,1894.1
12/ Jun 13,1880.9,1881.6
13/ Jun 13,1847.0,1879.6
14/ Jun 13,1867.7,1854.1
17/ Jun 13,1878.5,1866.0
18/ Jun 13,1880.7,1875.9
19/ Jun 13,1879.7,1884.3
20/ Jun 13,1868.7,1870.6
21/ Jun 13,1862.0,1852.4
24/ Jun 13,1843.5,1862.2
25/ Jun 13,1833.6,1832.7
26/ Jun 13,1846.7,1834.9
27/ Jun 13,1858.4,1849.2
28/ Jun 13,1881.9,1861.7
01/ Jul 13,1883.8,1880.5
02/ Jul 13,1880.6,1885.4
03/ Jul 13,1878.0,1881.4
04/ Jul 13,1880.5,1877.8
05/ Jul 13,1881.7,1884.0
08/ Jul 13,1871.9,1882.6
09/ Jul 13,1876.0,1876.6
10/ Jul 13,1878.6,1876.4
11/ Jul 13,1892.0,1887.1
12/ Jul 13,1897.0,1896.3
15/ Jul 13,1898.3,1893.3
16/ Jul 13,1898.3,1897.4
17/ Jul 13,1900.9,1898.2
18/ Jul 13,1904.2,1899.3
19/ Jul 13,1911.0,1907.4
22/ Jul 13,1911.2,1912.7
23/ Jul 13,1919.5,1921.5
24/ Jul 13,1924.7,1918.6
25/ Jul 13,1923.3,1926.0
26/ Jul 13,1922.6,1921.1
29/ Jul 13,1913.5,1922.6
30/ Jul 13,1909.8,1914.0
31/ Jul 13,1886.1,1906.2
01/ Aug 13,1891.8,1889.6
02/ Aug 13,1897.1,1895.6
05/ Aug 13,1900.1,1901.0
06/ Aug 13,1899.8,1895.4
07/ Aug 13,1894.3,1899.8
12/ Aug 13,1900.2,1895.0
13/ Aug 13,1911.6,1900.3
14/ Aug 13,1910.4,1917.0
15/ Aug 13,1909.0,1909.6
16/ Aug 13,1905.0,1906.6
19/ Aug 13,1894.7,1890.6
20/ Aug 13,1859.8,1890.1
21/ Aug 13,1859.4,1858.0
22/ Aug 13,1833.5,1841.0
23/ Aug 13,1834.5,1837.7
26/ Aug 13,1836.2,1835.9
27/ Aug 13,1813.8,1832.1
28/ Aug 13,1797.9,1799.1
29/ Aug 13,1816.9,1797.5
30/ Aug 13,1842.5,1822.0
02/ Sep 13,1832.1,1838.7
03/ Sep 13,1839.4,1833.1
04/ Sep 13,1831.6,1841.0
05/ Sep 13,1836.4,1834.4
06/ Sep 13,1839.6,1835.5
09/ Sep 13,1864.6,1842.5
10/ Sep 13,1884.0,1871.4
11/ Sep 13,1887.9,1889.4
12/ Sep 13,1892.4,1898.1
13/ Sep 13,1890.9,1888.3
17/ Sep 13,1895.5,1898.2
18/ Sep 13,1892.0,1893.2
19/ Sep 13,1915.2,1912.5
20/ Sep 13,1924.9,1918.8
23/ Sep 13,1919.3,1918.7
24/ Sep 13,1915.4,1913.6
25/ Sep 13,1906.6,1910.9
26/ Sep 13,1896.3,1907.1
27/ Sep 13,1898.6,1898.2
30/ Sep 13,1890.8,1897.9
01/ Oct 13,1891.5,1888.6
02/ Oct 13,1893.1,1892.7
03/ Oct 13,1894.4,1893.0
04/ Oct 13,1900.2,1894.5
07/ Oct 13,1900.7,1902.0
08/ Oct 13,1901.6,1897.5
09/ Oct 13,1892.9,1898.9
10/ Oct 13,1900.4,1893.1
11/ Oct 13,1911.1,1914.5
14/ Oct 13,1910.3,1900.0
16/ Oct 13,1917.6,1913.8
17/ Oct 13,1924.3,1928.2
18/ Oct 13,1926.9,1926.2
21/ Oct 13,1930.3,1926.4
22/ Oct 13,1931.6,1928.7
23/ Oct 13,1943.1,1934.0
24/ Oct 13,1948.5,1948.3
25/ Oct 13,1947.3,1948.4
28/ Oct 13,1948.4,1948.4
29/ Oct 13,1945.7,1951.7
30/ Oct 13,1947.8,1947.3
31/ Oct 13,1936.7,1945.6
01/ Nov 13,1940.8,1933.5
04/ Nov 13,1937.8,1942.5
06/ Nov 13,1933.3,1941.9
07/ Nov 13,1937.4,1934.7
08/ Nov 13,1935.3,1931.9
11/ Nov 13,1935.3,1934.3
12/ Nov 13,1925.4,1936.4
13/ Nov 13,1912.4,1927.1
14/ Nov 13,1914.5,1910.7
15/ Nov 13,1920.8,1914.7
18/ Nov 13,1923.7,1922.7
19/ Nov 13,1939.8,1926.2
20/ Nov 13,1930.9,1937.5
21/ Nov 13,1926.8,1927.6
22/ Nov 13,1926.9,1924.6
25/ Nov 13,1930.9,1930.1
26/ Nov 13,1931.3,1930.3
27/ Nov 13,1931.8,1928.1
28/ Nov 13,1941.9,1933.6
29/ Nov 13,1947.6,1941.2
02/ Dec 13,1953.7,1947.9
03/ Dec 13,1960.5,1961.6
04/ Dec 13,1958.2,1956.1
05/ Dec 13,1961.6,1958.7
06/ Dec 13,1964.1,1960.4
09/ Dec 13,1980.4,1964.3
10/ Dec 13,1982.7,1976.2
11/ Dec 13,1981.8,1981.9
12/ Dec 13,1972.5,1978.7
13/ Dec 13,1979.7,1972.0
16/ Dec 13,1977.2,1981.5
17/ Dec 13,1991.5,1976.8
18/ Dec 13,1988.1,1985.5
19/ Dec 13,1986.9,1987.9
20/ Dec 13,1978.3,1989.9
23/ Dec 13,1973.0,1975.7
24/ Dec 13,1976.1,1974.3
26/ Dec 13,1985.6,1968.8
27/ Dec 13,2004.1,1985.7
30/ Dec 13,2016.7,2005.7
31/ Dec 13,2010.9,2016.5
02/ Jan 14,1996.1,2009.9
03/ Jan 14,1976.7,1990.0
06/ Jan 14,1971.0,1978.2
07/ Jan 14,1966.9,1975.0
08/ Jan 14,1973.8,1969.1
09/ Jan 14,1970.7,1974.6
10/ Jan 14,1969.3,1968.8
13/ Jan 14,1978.5,1968.2
15/ Jan 14,1967.0,1978.6
16/ Jan 14,1955.4,1967.9
20/ Jan 14,1949.8,1950.5
21/ Jan 14,1958.4,1949.9
22/ Jan 14,1957.3,1960.0
23/ Jan 14,1951.3,1958.9
24/ Jan 14,1945.4,1945.1
27/ Jan 14,1920.1,1936.6
28/ Jan 14,1922.9,1926.0
29/ Jan 14,1931.8,1922.6
30/ Jan 14,1948.0,1931.6
04/ Feb 14,1921.1,1939.5
05/ Feb 14,1928.9,1927.8
06/ Feb 14,1942.2,1928.2
07/ Feb 14,1954.0,1943.3
10/ Feb 14,1962.4,1959.0
11/ Feb 14,1971.3,1962.4
12/ Feb 14,1973.2,1969.2
13/ Feb 14,1964.3,1975.1
14/ Feb 14,1966.9,1963.8
17/ Feb 14,1976.0,1967.5
18/ Feb 14,1973.8,1976.5
19/ Feb 14,1978.6,1969.8
20/ Feb 14,1977.1,1979.7
21/ Feb 14,1980.5,1975.9
24/ Feb 14,1978.6,1981.5
25/ Feb 14,1984.3,1980.2
26/ Feb 14,1972.5,1980.7
27/ Feb 14,1982.6,1973.8
28/ Feb 14,1987.2,1976.9
03/ Mar 14,1975.6,1986.1
04/ Mar 14,1977.7,1971.7
05/ Mar 14,1980.9,1982.3
06/ Mar 14,1991.5,1981.1
07/ Mar 14,1984.8,1987.0
10/ Mar 14,1974.0,1978.7
11/ Mar 14,1981.3,1975.9
12/ Mar 14,1970.8,1980.2
13/ Mar 14,1971.3,1972.9
14/ Mar 14,1956.7,1969.7
17/ Mar 14,1967.8,1958.1
18/ Mar 14,1974.1,1966.3
19/ Mar 14,1970.8,1973.1
20/ Mar 14,1971.9,1967.7
21/ Mar 14,1974.7,1972.7
24/ Mar 14,1989.4,1976.2
25/ Mar 14,1993.3,1982.1
26/ Mar 14,1995.7,1991.2
27/ Mar 14,2004.3,1992.7
28/ Mar 14,2008.8,1994.5
31/ Mar 14,2007.4,2010.1
01/ Apr 14,2006.1,2004.3
02/ Apr 14,2011.0,2005.3
03/ Apr 14,2015.2,2013.8
04/ Apr 14,2016.5,2023.4
07/ Apr 14,2023.6,2016.7
08/ Apr 14,2012.4,2021.8
09/ Apr 14,2016.4,2013.2
10/ Apr 14,2020.7,2020.7
11/ Apr 14,2013.6,2015.9
14/ Apr 14,2012.6,2012.1
15/ Apr 14,2015.4,2009.4
16/ Apr 14,2006.4,2016.5
17/ Apr 14,2012.3,2008.9
18/ Apr 14,2014.9,2010.6
21/ Apr 14,2026.3,2014.0
22/ Apr 14,2030.4,2026.6
23/ Apr 14,2031.7,2030.9
24/ Apr 14,2029.7,2028.6
25/ Apr 14,2025.3,2031.1
28/ Apr 14,2019.8,2026.1
29/ Apr 14,2024.0,2016.3
30/ Apr 14,2037.6,2024.3
02/ May 14,2035.2,2035.6
05/ May 14,2026.1,2033.1
06/ May 14,2026.3,2026.2
07/ May 14,2026.6,2027.6
08/ May 14,2029.4,2028.2
09/ May 14,2033.9,2026.3
12/ May 14,2033.5,2030.3
14/ May 14,2048.1,2042.6
15/ May 14,2049.0,2047.1
16/ May 14,2053.1,2049.3
19/ May 14,2057.5,2055.1
20/ May 14,2051.3,2056.7
21/ May 14,2047.1,2052.3
22/ May 14,2045.3,2048.5
23/ May 14,2039.1,2049.1
26/ May 14,2032.4,2038.5
27/ May 14,2037.8,2034.2
28/ May 14,2042.6,2035.5
29/ May 14,2048.2,2043.5
30/ May 14,2045.0,2046.2
02/ Jun 14,2035.3,2039.2
03/ Jun 14,2044.6,2037.9
04/ Jun 14,2036.9,2040.6
05/ Jun 14,2041.3,2042.4
06/ Jun 14,2034.7,2043.3
09/ Jun 14,2036.0,2041.4
10/ Jun 14,2050.4,2036.8
11/ Jun 14,2052.6,2053.8
12/ Jun 14,2048.0,2052.1
13/ Jun 14,2051.4,2045.2
16/ Jun 14,2046.0,2050.3
17/ Jun 14,2049.6,2049.0
18/ Jun 14,2052.0,2049.6
19/ Jun 14,2057.6,2051.0
20/ Jun 14,2062.5,2062.2
23/ Jun 14,2060.9,2061.7
24/ Jun 14,2070.3,2061.5
25/ Jun 14,2067.6,2067.5
26/ Jun 14,2068.3,2066.9
27/ Jun 14,2058.7,2067.9
30/ Jun 14,2060.9,2057.7
01/ Jul 14,2057.2,2057.4
02/ Jul 14,2066.0,2057.4
03/ Jul 14,2068.3,2064.7
04/ Jul 14,2064.4,2069.2
07/ Jul 14,2073.0,2065.2
08/ Jul 14,2073.4,2074.8
09/ Jul 14,2072.1,2069.1
10/ Jul 14,2073.9,2071.0
11/ Jul 14,2063.8,2076.2
14/ Jul 14,2066.0,2064.8
16/ Jul 14,2068.3,2073.6
17/ Jul 14,2064.6,2070.1
18/ Jul 14,2053.8,2055.6
21/ Jul 14,2049.3,2055.5
22/ Jul 14,2052.5,2055.0
23/ Jul 14,2053.3,2051.8
24/ Jul 14,2059.3,2055.6
25/ Jul 14,2059.9,2061.2
30/ Jul 14,2061.3,2067.6
31/ Jul 14,2053.9,2065.2
01/ Aug 14,2045.4,2048.4
04/ Aug 14,2059.3,2046.6
05/ Aug 14,2060.6,2056.0
06/ Aug 14,2053.4,2058.0
07/ Aug 14,2050.8,2053.8
08/ Aug 14,2020.9,2048.2
11/ Aug 14,2031.6,2023.3
12/ Aug 14,2033.0,2030.4
13/ Aug 14,2041.7,2036.4
14/ Aug 14,2045.9,2038.5
15/ Aug 14,2049.1,2046.9
18/ Aug 14,2046.6,2046.0
19/ Aug 14,2058.3,2048.2
20/ Aug 14,2066.0,2061.0
21/ Aug 14,2061.8,2066.3
22/ Aug 14,2057.8,2063.6
25/ Aug 14,2048.6,2060.2
26/ Aug 14,2048.3,2049.7
27/ Aug 14,2060.2,2048.8
28/ Aug 14,2064.1,2057.0
29/ Aug 14,2053.8,2068.6
02/ Sep 14,2055.8,2053.4
03/ Sep 14,2053.0,2061.1
04/ Sep 14,2058.1,2055.3
05/ Sep 14,2057.5,2056.9
08/ Sep 14,2060.7,2055.4
09/ Sep 14,2064.3,2058.5
10/ Sep 14,2061.0,2060.6
11/ Sep 14,2056.0,2064.3
12/ Sep 14,2044.7,2055.6
15/ Sep 14,2035.8,2042.3
17/ Sep 14,2032.2,2029.5
18/ Sep 14,2034.2,2033.7
19/ Sep 14,2039.0,2034.2
22/ Sep 14,2035.5,2041.7
23/ Sep 14,2029.3,2028.1
24/ Sep 14,2029.5,2030.2
25/ Sep 14,2033.1,2024.9
26/ Sep 14,2030.5,2029.9
29/ Sep 14,2037.2,2031.4
30/ Sep 14,2037.4,2035.5
01/ Oct 14,2036.6,2038.5
02/ Oct 14,2028.4,2036.7
03/ Oct 14,2032.2,2029.1
07/ Oct 14,2024.4,2038.8
08/ Oct 14,2014.5,2021.5
09/ Oct 14,2020.7,2015.7
10/ Oct 14,1998.0,2013.5
13/ Oct 14,1985.3,1997.5
14/ Oct 14,1984.7,1979.7
15/ Oct 14,1974.4,1984.8
16/ Oct 14,1953.6,1972.5
17/ Oct 14,1976.6,1952.1
20/ Oct 14,1993.2,1978.8
21/ Oct 14,1985.8,1994.2
23/ Oct 14,2002.1,1991.6
24/ Oct 14,2011.4,2006.4
27/ Oct 14,2016.4,2014.9
28/ Oct 14,2019.5,2016.6
29/ Oct 14,2035.1,2020.7
30/ Oct 14,2038.9,2035.1
31/ Oct 14,2052.9,2041.2
03/ Nov 14,2051.2,2055.0
04/ Nov 14,2044.8,2049.8
05/ Nov 14,2036.1,2042.2
06/ Nov 14,2028.3,2036.0
07/ Nov 14,2020.0,2023.9
10/ Nov 14,2024.4,2020.5
11/ Nov 14,2021.5,2028.1
12/ Nov 14,2012.0,2014.9
13/ Nov 14,2011.7,2014.0
14/ Nov 14,2009.8,2010.3
17/ Nov 14,2001.9,2009.8
18/ Nov 14,2015.4,2002.2
19/ Nov 14,2022.3,2015.2
20/ Nov 14,2020.3,2022.9
21/ Nov 14,2005.9,2014.8
24/ Nov 14,2033.5,2008.8
25/ Nov 14,2039.1,2033.5
26/ Nov 14,2043.4,2041.6
27/ Nov 14,2030.1,2039.2
28/ Nov 14,2020.3,2020.0
01/ Dec 14,1973.3,2021.3
02/ Dec 14,1982.1,1975.0
03/ Dec 14,1951.5,1984.8
04/ Dec 14,1937.9,1954.1
05/ Dec 14,1942.2,1935.6
08/ Dec 14,1933.0,1941.4
09/ Dec 14,1930.2,1933.7
10/ Dec 14,1961.0,1924.6
11/ Dec 14,1937.9,1941.9
12/ Dec 14,1925.3,1938.7
15/ Dec 14,1885.9,1906.6
16/ Dec 14,1860.2,1876.7
17/ Dec 14,1869.3,1859.5
18/ Dec 14,1889.6,1876.4
19/ Dec 14,1907.7,1897.1
22/ Dec 14,1939.2,1916.7
23/ Dec 14,1945.0,1940.9
24/ Dec 14,1946.0,1935.7
26/ Dec 14,1962.6,1943.5
29/ Dec 14,1967.3,1955.3
30/ Dec 14,1965.8,1964.6
31/ Dec 14,1959.8,1958.2
02/ Jan 15,1950.6,1955.5
05/ Jan 15,1932.9,1957.2
06/ Jan 15,1910.8,1926.8
07/ Jan 15,1902.8,1909.0
08/ Jan 15,1924.1,1908.9
09/ Jan 15,1929.2,1931.6
12/ Jan 15,1932.4,1926.8
13/ Jan 15,1948.0,1923.1
14/ Jan 15,1940.6,1941.3
15/ Jan 15,1944.1,1947.0
16/ Jan 15,1942.8,1939.0
19/ Jan 15,1953.9,1945.2
20/ Jan 15,1950.6,1955.1
21/ Jan 15,1973.1,1953.9
22/ Jan 15,1986.3,1970.7
23/ Jan 15,2010.3,1998.5
26/ Jan 15,2003.2,2007.7
27/ Jan 15,2010.9,1996.2
28/ Jan 15,2003.0,2001.8
29/ Jan 15,1988.0,1998.5
30/ Jan 15,1987.2,1995.1
04/ Feb 15,2011.7,2024.8
05/ Feb 15,2012.2,2012.8
06/ Feb 15,2023.6,2015.9
09/ Feb 15,2022.0,2026.5
10/ Feb 15,2021.8,2023.6
11/ Feb 15,2008.4,2021.9
12/ Feb 15,1997.6,1999.5
13/ Feb 15,2011.2,2000.8
16/ Feb 15,2020.3,2015.9
17/ Feb 15,2021.9,2020.0
18/ Feb 15,2019.6,2018.1
23/ Feb 15,2021.6,2023.4
24/ Feb 15,2032.2,2024.7
25/ Feb 15,2029.3,2031.9
26/ Feb 15,2035.1,2027.3
27/ Feb 15,2035.8,2037.0
02/ Mar 15,2031.5,2037.9
03/ Mar 15,2036.3,2035.4
04/ Mar 15,2041.4,2041.5
05/ Mar 15,2019.9,2035.0
06/ Mar 15,2021.1,2018.7
09/ Mar 15,2004.3,2005.8
10/ Mar 15,2002.3,2008.0
11/ Mar 15,1989.6,1995.5
12/ Mar 15,1999.6,1992.7
13/ Mar 15,1994.1,1997.7
16/ Mar 15,1993.0,1989.4
17/ Mar 15,2001.5,1992.6
18/ Mar 15,2012.6,2004.4
19/ Mar 15,2025.7,2013.5
20/ Mar 15,2019.9,2019.8
23/ Mar 15,2011.4,2017.4
24/ Mar 15,2032.0,2014.9
25/ Mar 15,2037.9,2030.4
26/ Mar 15,2037.4,2035.6
27/ Mar 15,2032.0,2034.0
30/ Mar 15,2041.7,2034.6
31/ Mar 15,2052.0,2049.9
01/ Apr 15,2047.2,2052.9
02/ Apr 15,2053.8,2049.0
03/ Apr 15,2056.9,2053.4
06/ Apr 15,2066.6,2061.4
07/ Apr 15,2082.1,2067.2
08/ Apr 15,2075.4,2077.9
09/ Apr 15,2074.6,2073.6
10/ Apr 15,2069.2,2072.0
13/ Apr 15,2066.9,2067.9
14/ Apr 15,2064.4,2071.0
15/ Apr 15,2065.3,2062.3
16/ Apr 15,2074.3,2067.7
17/ Apr 15,2072.2,2074.7
20/ Apr 15,2075.6,2070.6
21/ Apr 15,2091.7,2078.2
22/ Apr 15,2083.0,2092.9
23/ Apr 15,2073.5,2075.9
24/ Apr 15,2092.3,2081.5
27/ Apr 15,2089.1,2094.9
28/ Apr 15,2084.3,2091.7
29/ Apr 15,2070.9,2084.6
30/ Apr 15,2043.5,2068.2
05/ May 15,2054.0,2057.3
06/ May 15,2047.0,2050.7
07/ May 15,2029.4,2033.0
08/ May 15,2032.5,2031.0
11/ May 15,2030.4,2034.6
12/ May 15,2022.9,2022.9
13/ May 15,2028.1,2025.9
14/ May 15,2033.4,2031.8
15/ May 15,2038.6,2032.6
18/ May 15,2051.9,2040.6
19/ May 15,2036.6,2047.1
20/ May 15,2037.3,2039.5
21/ May 15,2020.6,2037.9
22/ May 15,2012.4,2024.5
25/ May 15,1989.9,2012.1
26/ May 15,1986.5,1989.8
27/ May 15,1976.5,1980.3
28/ May 15,1977.4,1980.0
29/ May 15,1968.6,1972.9
01/ Jun 15,1964.2,1973.6
02/ Jun 15,1962.1,1964.5
03/ Jun 15,1971.1,1970.5
04/ Jun 15,1962.7,1963.3
05/ Jun 15,1967.3,1964.8
08/ Jun 15,1960.9,1957.1
09/ Jun 15,1949.4,1959.0
10/ Jun 15,1957.1,1951.8
11/ Jun 15,1956.3,1967.6
12/ Jun 15,1956.1,1963.6
15/ Jun 15,1942.6,1955.1
16/ Jun 15,1942.9,1941.7
17/ Jun 15,1948.4,1943.7
18/ Jun 15,1938.8,1946.8
19/ Jun 15,1943.1,1939.7
22/ Jun 15,1955.8,1943.2
23/ Jun 15,1949.3,1958.0
24/ Jun 15,1955.0,1950.4
25/ Jun 15,1938.5,1952.9
26/ Jun 15,1931.5,1938.5
29/ Jun 15,1910.8,1930.5
30/ Jun 15,1927.7,1915.0
01/ Jul 15,1952.0,1931.5
02/ Jul 15,1958.9,1954.1
03/ Jul 15,1959.6,1963.0
06/ Jul 15,1940.4,1953.3
07/ Jul 15,1935.3,1937.5
08/ Jul 15,1916.9,1928.9
09/ Jul 15,1923.6,1907.4
10/ Jul 15,1939.7,1920.1
13/ Jul 15,1940.5,1934.5
14/ Jul 15,1946.4,1945.2
15/ Jul 15,1953.6,1948.8
16/ Jul 15,1953.3,1948.0
20/ Jul 15,1950.6,1960.9
21/ Jul 15,1964.4,1952.3
22/ Jul 15,1957.1,1958.9
23/ Jul 15,1949.4,1957.4
24/ Jul 15,1947.7,1946.8
27/ Jul 15,1935.5,1936.9
28/ Jul 15,1924.3,1934.4
29/ Jul 15,1923.8,1924.5
30/ Jul 15,1925.1,1921.5
31/ Jul 15,1951.6,1926.9
03/ Aug 15,1975.7,1944.9
04/ Aug 15,1952.7,1959.9
05/ Aug 15,1955.0,1952.7
06/ Aug 15,1920.2,1949.9
07/ Aug 15,1906.9,1917.9
10/ Aug 15,1875.1,1895.7
11/ Aug 15,1855.3,1874.3
12/ Aug 15,1825.2,1847.0
13/ Aug 15,1838.6,1820.5
14/ Aug 15,1810.7,1841.5
17/ Aug 15,1783.4,1804.1
18/ Aug 15,1791.7,1784.3
19/ Aug 15,1795.1,1809.0
20/ Aug 15,1789.6,1786.3
21/ Aug 15,1786.7,1774.2
24/ Aug 15,1738.7,1762.6
25/ Aug 15,1775.0,1720.3
26/ Aug 15,1793.8,1770.4
27/ Aug 15,1818.3,1796.8
28/ Aug 15,1831.0,1826.8
01/ Sep 15,1827.3,1879.8
02/ Sep 15,1805.9,1820.0
03/ Sep 15,1820.4,1814.4
04/ Sep 15,1805.1,1819.8
07/ Sep 15,1798.2,1793.3
08/ Sep 15,1803.3,1800.0
09/ Sep 15,1821.9,1815.7
10/ Sep 15,1834.3,1809.4
11/ Sep 15,1822.7,1824.4
14/ Sep 15,1863.8,1824.6
15/ Sep 15,1872.6,1873.6
17/ Sep 15,1912.0,1899.9
18/ Sep 15,1898.4,1911.1
21/ Sep 15,1864.6,1889.7
22/ Sep 15,1860.1,1866.1
23/ Sep 15,1835.1,1850.7
25/ Sep 15,1837.4,1825.1
28/ Sep 15,1830.2,1834.8
29/ Sep 15,1824.6,1821.8
30/ Sep 15,1845.0,1823.9
01/ Oct 15,1859.9,1847.0
02/ Oct 15,1854.3,1860.6
05/ Oct 15,1875.9,1855.4
06/ Oct 15,1893.1,1889.1
07/ Oct 15,1923.8,1888.9
08/ Oct 15,1927.4,1916.5
09/ Oct 15,1944.0,1939.7
12/ Oct 15,1948.0,1940.4
13/ Oct 15,1949.7,1948.9
15/ Oct 15,1952.3,1947.5
16/ Oct 15,1956.6,1956.8
19/ Oct 15,1958.4,1951.5
20/ Oct 15,1943.7,1956.0
21/ Oct 15,1946.3,1938.6
22/ Oct 15,1944.2,1940.3
23/ Oct 15,1951.1,1958.0
26/ Oct 15,1946.6,1951.3
27/ Oct 15,1935.6,1942.1
28/ Oct 15,1924.0,1933.2
29/ Oct 15,1901.9,1927.4
30/ Oct 15,1900.7,1902.7
02/ Nov 15,1899.1,1900.5
03/ Nov 15,1914.7,1900.4
04/ Nov 15,1924.1,1919.6
05/ Nov 15,1927.7,1921.9
06/ Nov 15,1924.7,1925.4
09/ Nov 15,1925.4,1922.9
11/ Nov 15,1901.9,1910.8
12/ Nov 15,1899.7,1900.0
13/ Nov 15,1895.0,1900.8
16/ Nov 15,1891.9,1886.6
17/ Nov 15,1898.5,1898.2
18/ Nov 15,1893.0,1898.6
19/ Nov 15,1897.3,1893.9
20/ Nov 15,1899.6,1897.6
23/ Nov 15,1910.1,1899.5
24/ Nov 15,1917.4,1919.3
25/ Nov 15,1926.1,1912.6
26/ Nov 15,1924.8,1919.1
27/ Nov 15,1924.4,1918.0
30/ Nov 15,1912.7,1916.5
01/ Dec 15,1924.7,1910.8
02/ Dec 15,1918.5,1925.1
03/ Dec 15,1915.5,1913.3
04/ Dec 15,1908.8,1912.1
07/ Dec 15,1913.7,1911.7
08/ Dec 15,1910.8,1911.3
09/ Dec 15,1899.7,1908.7
10/ Dec 15,1887.7,1901.2
11/ Dec 15,1878.2,1889.6
14/ Dec 15,1866.8,1866.0
15/ Dec 15,1858.8,1868.3
16/ Dec 15,1872.0,1876.2
17/ Dec 15,1897.9,1874.3
18/ Dec 15,1883.7,1892.7
21/ Dec 15,1866.9,1881.6
22/ Dec 15,1883.4,1873.2
23/ Dec 15,1906.8,1881.2
28/ Dec 15,1915.3,1902.5
29/ Dec 15,1932.3,1920.3
30/ Dec 15,1941.5,1934.4
31/ Dec 15,1941.0,1941.0
04/ Jan 16,1896.4,1934.7
05/ Jan 16,1910.8,1898.5
06/ Jan 16,1913.6,1913.5
07/ Jan 16,1899.1,1908.6
08/ Jan 16,1902.2,1894.6
11/ Jan 16,1879.5,1902.8
12/ Jan 16,1884.0,1878.9
13/ Jan 16,1885.6,1886.0
14/ Jan 16,1875.4,1882.1
15/ Jan 16,1870.0,1877.5
18/ Jan 16,1863.5,1865.6
19/ Jan 16,1871.3,1863.4
20/ Jan 16,1859.6,1870.3
21/ Jan 16,1839.2,1856.7
22/ Jan 16,1867.4,1849.2
26/ Jan 16,1869.3,1870.0
27/ Jan 16,1875.1,1870.2
28/ Jan 16,1878.8,1875.3
29/ Jan 16,1917.3,1880.0
02/ Feb 16,1900.7,1913.1
03/ Feb 16,1878.1,1882.0
04/ Feb 16,1905.3,1883.8
05/ Feb 16,1912.1,1903.1
10/ Feb 16,1891.6,1922.1
11/ Feb 16,1891.3,1892.0
12/ Feb 16,1891.3,1891.2
15/ Feb 16,1898.7,1901.8
16/ Feb 16,1916.2,1900.6
17/ Feb 16,1915.7,1909.3
18/ Feb 16,1934.0,1917.6
19/ Feb 16,1928.3,1927.1
22/ Feb 16,1928.2,1924.6
23/ Feb 16,1931.6,1928.8
24/ Feb 16,1916.7,1930.8
25/ Feb 16,1910.0,1917.9
26/ Feb 16,1916.4,1918.0
29/ Feb 16,1906.6,1914.9
01/ Mar 16,1925.4,1911.1
02/ Mar 16,1948.9,1930.0
03/ Mar 16,1945.9,1952.7
04/ Mar 16,1951.1,1944.1
07/ Mar 16,1957.6,1955.5
08/ Mar 16,1946.2,1961.2
09/ Mar 16,1944.7,1938.9
10/ Mar 16,1950.2,1943.1
11/ Mar 16,1957.0,1948.0
14/ Mar 16,1961.6,1956.8
15/ Mar 16,1951.0,1956.4
16/ Mar 16,1954.1,1952.7
17/ Mar 16,1965.6,1958.1
18/ Mar 16,1981.1,1972.7
21/ Mar 16,1983.6,1979.0
22/ Mar 16,1991.3,1982.0
23/ Mar 16,1991.3,1987.8
24/ Mar 16,1981.1,1981.0
25/ Mar 16,1967.8,1978.2
28/ Mar 16,1966.5,1965.7
29/ Mar 16,1981.3,1964.7
30/ Mar 16,1984.8,1987.9
31/ Mar 16,1984.7,1985.2
01/ Apr 16,1976.9,1982.4
04/ Apr 16,1994.1,1975.3
05/ Apr 16,1986.1,1987.1
06/ Apr 16,1985.1,1981.4
07/ Apr 16,1993.8,1986.2
08/ Apr 16,1987.2,1987.2
11/ Apr 16,1983.8,1984.9
12/ Apr 16,1983.8,1982.6
13/ Apr 16,1993.4,1989.2
14/ Apr 16,1994.4,1992.7
15/ Apr 16,1999.6,1993.2
18/ Apr 16,1987.9,1990.3
19/ Apr 16,1980.6,1983.7
20/ Apr 16,1978.2,1983.4
21/ Apr 16,1993.0,1979.6
22/ Apr 16,1989.2,1991.2
25/ Apr 16,1985.5,1985.3
26/ Apr 16,1960.2,1985.0
27/ Apr 16,1960.3,1957.2
28/ Apr 16,1940.2,1956.3
29/ Apr 16,1938.0,1936.7
03/ May 16,1913.6,1940.4
04/ May 16,1921.0,1906.1
05/ May 16,1906.8,1916.0
06/ May 16,1911.9,1903.5
09/ May 16,1892.3,1909.9
10/ May 16,1896.8,1888.7
11/ May 16,1907.1,1897.7
12/ May 16,1912.5,1902.2
13/ May 16,1888.7,1906.5
16/ May 16,1880.7,1889.2
17/ May 16,1895.1,1879.0
18/ May 16,1898.0,1885.3
19/ May 16,1896.0,1881.3
20/ May 16,1890.5,1897.5
23/ May 16,1897.8,1890.8
24/ May 16,1887.5,1893.8
25/ May 16,1893.7,1892.6
26/ May 16,1894.1,1891.4
27/ May 16,1901.4,1894.4
30/ May 16,1893.2,1896.4
31/ May 16,1888.9,1892.1
01/ Jun 16,1889.7,1886.1
02/ Jun 16,1894.7,1889.2
03/ Jun 16,1901.8,1898.6
06/ Jun 16,1916.6,1898.4
07/ Jun 16,1930.4,1918.3
08/ Jun 16,1927.4,1931.2
09/ Jun 16,1919.1,1927.2
10/ Jun 16,1908.5,1920.7
13/ Jun 16,1895.4,1901.1
14/ Jun 16,1891.4,1895.6
15/ Jun 16,1893.8,1885.6
16/ Jun 16,1878.9,1895.1
17/ Jun 16,1889.9,1879.0
20/ Jun 16,1901.8,1891.0
21/ Jun 16,1906.1,1903.2
23/ Jun 16,1909.0,1909.8
24/ Jun 16,1902.3,1909.1
27/ Jun 16,1897.3,1895.2
28/ Jun 16,1902.8,1891.5
29/ Jun 16,1912.6,1903.2
30/ Jun 16,1926.6,1915.7
01/ Jul 16,1917.7,1925.8
04/ Jul 16,1928.0,1921.6
05/ Jul 16,1923.4,1926.1
08/ Jul 16,1916.5,1929.4
11/ Jul 16,1927.6,1918.3
12/ Jul 16,1928.0,1927.5
13/ Jul 16,1935.7,1927.7
14/ Jul 16,1929.4,1933.5
15/ Jul 16,1945.5,1936.3
18/ Jul 16,1948.6,1941.7
19/ Jul 16,1948.5,1949.8
20/ Jul 16,1947.7,1947.5
21/ Jul 16,1933.8,1938.3
22/ Jul 16,1933.9,1932.4
25/ Jul 16,1946.8,1934.4
26/ Jul 16,1939.1,1945.6
27/ Jul 16,1941.8,1939.8
28/ Jul 16,1936.2,1936.1
29/ Jul 16,1930.3,1935.8
01/ Aug 16,1944.5,1935.1
02/ Aug 16,1938.9,1943.7
03/ Aug 16,1925.5,1935.9
04/ Aug 16,1933.7,1929.4
05/ Aug 16,1944.1,1933.8
08/ Aug 16,1954.5,1947.1
09/ Aug 16,1953.6,1956.8
10/ Aug 16,1955.4,1950.5
11/ Aug 16,1962.4,1957.9
12/ Aug 16,1968.9,1965.3
15/ Aug 16,1976.3,1965.5
16/ Aug 16,1987.8,1969.1
17/ Aug 16,1981.5,1983.0
18/ Aug 16,1982.4,1980.2
19/ Aug 16,1974.2,1980.7
22/ Aug 16,1978.4,1968.9
23/ Aug 16,1969.3,1971.3
24/ Aug 16,1968.4,1966.2
25/ Aug 16,1966.6,1966.0
26/ Aug 16,1970.1,1961.1
29/ Aug 16,1968.6,1965.8
30/ Aug 16,1964.7,1974.7
01/ Sep 16,1956.2,1970.0
02/ Sep 16,1957.9,1961.2
05/ Sep 16,1965.5,1952.9
06/ Sep 16,1979.6,1961.7
07/ Sep 16,1979.4,1968.6
08/ Sep 16,1981.8,1982.0
09/ Sep 16,1976.3,1981.8
13/ Sep 16,1965.7,1969.3
14/ Sep 16,1947.4,1963.0
15/ Sep 16,1937.8,1946.1
19/ Sep 16,1936.6,1948.5
20/ Sep 16,1941.6,1942.9
21/ Sep 16,1945.3,1939.4
22/ Sep 16,1958.3,1948.5
23/ Sep 16,1960.1,1951.8
26/ Sep 16,1958.6,1958.7
27/ Sep 16,1953.3,1954.0
28/ Sep 16,1953.8,1953.6
29/ Sep 16,1959.6,1957.2
30/ Sep 16,1939.7,1957.0
04/ Oct 16,1950.2,1946.8
05/ Oct 16,1952.4,1953.0
06/ Oct 16,1957.1,1953.9
07/ Oct 16,1955.8,1960.0
10/ Oct 16,1956.0,1955.9
11/ Oct 16,1960.2,1955.7
12/ Oct 16,1958.5,1956.6
13/ Oct 16,1956.4,1959.0
14/ Oct 16,1949.5,1956.7
17/ Oct 16,1943.6,1952.3
18/ Oct 16,1960.1,1946.0
19/ Oct 16,1961.2,1960.0
20/ Oct 16,1960.1,1960.0
21/ Oct 16,1963.7,1961.4
24/ Oct 16,1973.1,1962.5
25/ Oct 16,1972.9,1972.9
26/ Oct 16,1969.0,1970.5
27/ Oct 16,1963.5,1969.3
28/ Oct 16,1965.2,1964.5
31/ Oct 16,1968.1,1973.2
01/ Nov 16,1966.5,1969.6
02/ Nov 16,1953.4,1965.5
03/ Nov 16,1940.1,1952.0
04/ Nov 16,1940.6,1938.3
07/ Nov 16,1943.6,1935.2
08/ Nov 16,1959.4,1947.2
09/ Nov 16,1940.6,1960.0
10/ Nov 16,1946.8,1946.4
11/ Nov 16,1925.2,1940.0
14/ Nov 16,1904.8,1918.7
15/ Nov 16,1921.4,1905.9
16/ Nov 16,1918.2,1924.6
17/ Nov 16,1917.5,1918.2
18/ Nov 16,1914.2,1914.6
21/ Nov 16,1918.5,1911.6
22/ Nov 16,1921.2,1919.8
23/ Nov 16,1922.7,1923.8
24/ Nov 16,1915.6,1921.7
25/ Nov 16,1919.5,1917.0
28/ Nov 16,1921.4,1917.5
29/ Nov 16,1919.6,1923.2
30/ Nov 16,1910.6,1920.6
01/ Dec 16,1919.5,1913.2
02/ Dec 16,1922.7,1921.0
05/ Dec 16,1918.2,1924.8
06/ Dec 16,1924.1,1917.5
07/ Dec 16,1927.6,1928.4
08/ Dec 16,1941.1,1936.0
09/ Dec 16,1938.6,1939.1
13/ Dec 16,1943.4,1950.7
14/ Dec 16,1941.3,1944.2
15/ Dec 16,1934.1,1932.7
16/ Dec 16,1935.3,1931.2
19/ Dec 16,1931.4,1928.4
20/ Dec 16,1931.9,1930.8
21/ Dec 16,1926.4,1937.3
22/ Dec 16,1919.1,1925.9
23/ Dec 16,1912.1,1918.0
27/ Dec 16,1915.4,1914.0
28/ Dec 16,1928.2,1917.0
29/ Dec 16,1937.4,1927.9
30/ Dec 16,1942.2,1937.1
03/ Jan 17,1935.1,1936.8
04/ Jan 17,1949.5,1939.4
05/ Jan 17,1964.4,1950.4
06/ Jan 17,1983.2,1963.0
09/ Jan 17,1974.4,1983.2
10/ Jan 17,1979.6,1975.3
11/ Jan 17,1983.6,1980.8
12/ Jan 17,1986.9,1984.4
13/ Jan 17,1980.9,1987.1
16/ Jan 17,1965.0,1980.6
17/ Jan 17,1970.2,1967.0
18/ Jan 17,1972.9,1970.9
19/ Jan 17,1974.9,1975.4
20/ Jan 17,1973.2,1973.6
23/ Jan 17,1981.1,1974.7
24/ Jan 17,1992.5,1985.0
25/ Jan 17,1996.6,1996.0
26/ Jan 17,2006.7,1997.9
27/ Jan 17,2000.0,2011.0
31/ Jan 17,1982.7,2000.4
02/ Feb 17,1985.2,1981.6
03/ Feb 17,1999.2,1987.1
06/ Feb 17,2006.8,2000.7
07/ Feb 17,2004.3,2002.9
08/ Feb 17,2004.1,2002.5
10/ Feb 17,2016.8,2017.7
13/ Feb 17,2030.5,2019.7
14/ Feb 17,2029.1,2030.4
15/ Feb 17,2030.5,2028.5
16/ Feb 17,2028.1,2028.1
17/ Feb 17,2028.5,2026.3
20/ Feb 17,2034.6,2027.0
21/ Feb 17,2027.7,2035.3
22/ Feb 17,2029.8,2030.5
23/ Feb 17,2025.8,2031.8
24/ Feb 17,2018.8,2028.4
27/ Feb 17,2013.7,2018.5
28/ Feb 17,2013.8,2010.7
01/ Mar 17,2018.8,2015.1
02/ Mar 17,2040.4,2023.1
03/ Mar 17,2032.0,2039.3
06/ Mar 17,2054.9,2030.2
07/ Mar 17,2056.7,2055.5
08/ Mar 17,2053.2,2053.5
09/ Mar 17,2043.9,2050.7
10/ Mar 17,2044.3,2042.8
13/ Mar 17,2049.7,2043.6
14/ Mar 17,2050.7,2050.6
15/ Mar 17,2044.9,2044.6
16/ Mar 17,2068.7,2055.8
17/ Mar 17,2078.6,2075.2
20/ Mar 17,2083.8,2077.5
21/ Mar 17,2090.4,2084.1
22/ Mar 17,2083.1,2082.4
23/ Mar 17,2081.8,2086.2
24/ Mar 17,2080.6,2083.4
27/ Mar 17,2079.9,2080.1
28/ Mar 17,2091.5,2086.9
29/ Mar 17,2087.0,2095.4
30/ Mar 17,2085.9,2087.6
31/ Mar 17,2075.2,2083.4
03/ Apr 17,2081.9,2078.2
04/ Apr 17,2084.2,2081.7
05/ Apr 17,2081.5,2082.6
06/ Apr 17,2075.7,2081.9
07/ Apr 17,2078.5,2077.5
10/ Apr 17,2076.2,2076.4
11/ Apr 17,2072.1,2076.3
12/ Apr 17,2082.2,2072.3
13/ Apr 17,2075.4,2081.6
14/ Apr 17,2067.1,2073.9
17/ Apr 17,2070.9,2067.5
18/ Apr 17,2079.1,2073.1
19/ Apr 17,2077.4,2079.0
20/ Apr 17,2080.9,2076.4
21/ Apr 17,2098.4,2081.9
25/ Apr 17,2110.3,2109.5
26/ Apr 17,2114.3,2113.0
27/ Apr 17,2113.4,2113.8
28/ Apr 17,2113.9,2113.8
02/ May 17,2126.6,2115.5
03/ May 17,2119.8,2127.4
04/ May 17,2103.5,2114.6
05/ May 17,2108.6,2104.0
08/ May 17,2115.4,2111.7
09/ May 17,2113.8,2116.0
11/ May 17,2124.6,2125.7
12/ May 17,2125.5,2126.7
15/ May 17,2129.1,2125.2
16/ May 17,2128.8,2137.0
17/ May 17,2126.0,2130.9
18/ May 17,2116.2,2114.0
19/ May 17,2117.8,2117.9
22/ May 17,2126.0,2122.7
23/ May 17,2117.0,2127.1
24/ May 17,2121.9,2121.2
25/ May 17,2125.7,2126.1
26/ May 17,2124.0,2125.9
29/ May 17,2115.4,2126.6
30/ May 17,2116.2,2115.1
31/ May 17,2117.1,2117.8
01/ Jun 17,2114.1,2115.8
02/ Jun 17,2131.0,2119.8
05/ Jun 17,2144.4,2131.8
06/ Jun 17,2148.4,2144.2
07/ Jun 17,2142.6,2147.1
08/ Jun 17,2142.4,2141.5
09/ Jun 17,2146.7,2139.5
13/ Jun 17,2141.7,2148.0
14/ Jun 17,2151.4,2147.8
15/ Jun 17,2148.9,2152.4
16/ Jun 17,2150.8,2150.8
19/ Jun 17,2148.1,2152.0
20/ Jun 17,2138.6,2145.8
21/ Jun 17,2132.7,2138.4
22/ Jun 17,2135.2,2134.6
23/ Jun 17,2137.9,2136.6
28/ Jun 17,2128.3,2147.5
29/ Jun 17,2128.8,2129.8
30/ Jun 17,2119.8,2127.8
03/ Jul 17,2126.1,2117.8
04/ Jul 17,2118.5,2125.2
05/ Jul 17,2126.0,2118.1
06/ Jul 17,2129.2,2126.1
07/ Jul 17,2116.7,2126.5
10/ Jul 17,2113.6,2116.0
11/ Jul 17,2111.4,2110.9
12/ Jul 17,2114.3,2112.8
13/ Jul 17,2110.4,2116.7
14/ Jul 17,2112.2,2114.4
17/ Jul 17,2112.7,2117.4
18/ Jul 17,2112.6,2116.5
19/ Jul 17,2115.7,2111.5
20/ Jul 17,2114.1,2119.1
21/ Jul 17,2118.6,2115.4
24/ Jul 17,2122.3,2121.5
25/ Jul 17,2124.2,2127.4
26/ Jul 17,2127.7,2127.7
27/ Jul 17,2132.9,2127.9
28/ Jul 17,2129.5,2132.4
31/ Jul 17,2121.3,2130.8
01/ Aug 17,2127.7,2127.6
02/ Aug 17,2134.6,2131.9
03/ Aug 17,2136.5,2135.2
04/ Aug 17,2139.9,2137.4
07/ Aug 17,2144.3,2141.4
08/ Aug 17,2149.1,2145.3
09/ Aug 17,2144.9,2144.1
10/ Aug 17,2145.0,2144.0
11/ Aug 17,2132.2,2141.8
14/ Aug 17,2137.5,2131.9
15/ Aug 17,2139.3,2139.9
16/ Aug 17,2141.2,2140.2
17/ Aug 17,2144.6,2142.8
18/ Aug 17,2144.8,2140.1
21/ Aug 17,2139.5,2143.3
22/ Aug 17,2142.9,2139.6
23/ Aug 17,2141.7,2144.6
24/ Aug 17,2145.1,2141.7
25/ Aug 17,2137.7,2141.2
28/ Aug 17,2138.4,2134.9
29/ Aug 17,2128.6,2135.5
30/ Aug 17,2143.4,2125.8
05/ Sep 17,2139.4,2158.8
06/ Sep 17,2143.1,2138.7
07/ Sep 17,2156.1,2146.5
08/ Sep 17,2152.7,2154.1
11/ Sep 17,2156.4,2153.4
12/ Sep 17,2165.3,2156.1
13/ Sep 17,2161.0,2165.0
14/ Sep 17,2155.6,2161.3
15/ Sep 17,2161.9,2159.0
18/ Sep 17,2158.9,2158.0
19/ Sep 17,2150.7,2159.2
20/ Sep 17,2147.3,2151.5
21/ Sep 17,2144.5,2149.8
25/ Sep 17,2142.5,2145.2
26/ Sep 17,2138.5,2142.0
27/ Sep 17,2137.1,2141.2
28/ Sep 17,2129.9,2139.3
29/ Sep 17,2127.2,2132.8
02/ Oct 17,2126.5,2127.0
03/ Oct 17,2132.7,2128.9
04/ Oct 17,2135.6,2133.1
05/ Oct 17,2132.6,2134.3
06/ Oct 17,2138.8,2131.5
09/ Oct 17,2139.1,2138.6
10/ Oct 17,2135.9,2135.3
11/ Oct 17,2131.4,2136.1
12/ Oct 17,2127.8,2135.5
13/ Oct 17,2129.7,2130.5
16/ Oct 17,2128.8,2134.6
17/ Oct 17,2122.6,2128.0
19/ Oct 17,2116.8,2123.9
20/ Oct 17,2113.0,2118.3
23/ Oct 17,2114.3,2115.3
24/ Oct 17,2108.1,2115.7
25/ Oct 17,2111.9,2109.4
26/ Oct 17,2109.4,2113.6
27/ Oct 17,2121.0,2115.2
30/ Oct 17,2124.0,2123.5
31/ Oct 17,2123.8,2123.1
01/ Nov 17,2119.2,2123.9
02/ Nov 17,2116.0,2119.5
03/ Nov 17,2116.1,2120.7
06/ Nov 17,2118.1,2119.2
07/ Nov 17,2128.9,2118.8
08/ Nov 17,2120.9,2124.2
09/ Nov 17,2124.4,2120.6
10/ Nov 17,2119.2,2124.3
13/ Nov 17,2113.6,2120.5
14/ Nov 17,2109.2,2120.9
15/ Nov 17,2096.5,2109.8
16/ Nov 17,2090.9,2096.9
17/ Nov 17,2095.5,2094.4
20/ Nov 17,2091.7,2098.3
21/ Nov 17,2094.8,2092.6
22/ Nov 17,2098.6,2099.9
23/ Nov 17,2096.1,2098.7
24/ Nov 17,2091.5,2094.9
27/ Nov 17,2094.9,2093.1
28/ Nov 17,2088.6,2090.7
29/ Nov 17,2096.1,2091.1
30/ Nov 17,2093.3,2095.5
04/ Dec 17,2087.8,2093.8
05/ Dec 17,2102.4,2082.5
06/ Dec 17,2094.7,2097.7
07/ Dec 17,2095.9,2099.1
08/ Dec 17,2098.9,2098.9
11/ Dec 17,2097.0,2098.7
12/ Dec 17,2109.6,2096.4
13/ Dec 17,2119.7,2108.9
14/ Dec 17,2146.0,2120.5
15/ Dec 17,2139.1,2143.9
18/ Dec 17,2137.6,2140.5
19/ Dec 17,2120.0,2128.2
20/ Dec 17,2132.1,2119.0
21/ Dec 17,2137.9,2137.2
22/ Dec 17,2149.2,2140.2
26/ Dec 17,2149.2,2147.4
27/ Dec 17,2163.9,2150.4
28/ Dec 17,2173.1,2164.4
29/ Dec 17,2195.0,2175.3
02/ Jan 18,2178.1,2178.6
03/ Jan 18,2190.7,2182.2
04/ Jan 18,2204.0,2194.4
05/ Jan 18,2222.1,2206.0
08/ Jan 18,2239.7,2224.5
09/ Jan 18,2233.6,2246.2
10/ Jan 18,2229.0,2236.3
11/ Jan 18,2221.9,2228.2
12/ Jan 18,2229.3,2232.1
15/ Jan 18,2233.5,2232.7
16/ Jan 18,2234.0,2236.0
17/ Jan 18,2237.4,2232.5
18/ Jan 18,2229.1,2240.9
19/ Jan 18,2238.3,2231.6
22/ Jan 18,2243.9,2246.4
23/ Jan 18,2250.1,2247.8
24/ Jan 18,2249.2,2250.5
25/ Jan 18,2260.3,2248.9
26/ Jan 18,2270.5,2258.3
29/ Jan 18,2291.1,2272.2
30/ Jan 18,2289.0,2285.1
02/ Feb 18,2291.7,2297.6
05/ Feb 18,2270.6,2264.2
06/ Feb 18,2221.1,2223.6
07/ Feb 18,2251.1,2239.4
08/ Feb 18,2254.8,2252.7
09/ Feb 18,2231.1,2215.1
12/ Feb 18,2244.0,2238.2
13/ Feb 18,2247.8,2248.8
14/ Feb 18,2250.5,2251.4
15/ Feb 18,2254.9,2257.9
19/ Feb 18,2278.5,2261.0
20/ Feb 18,2277.2,2276.4
21/ Feb 18,2280.2,2274.5
22/ Feb 18,2276.7,2275.7
23/ Feb 18,2284.9,2275.2
26/ Feb 18,2283.4,2288.5
27/ Feb 18,2297.7,2292.4
28/ Feb 18,2279.2,2297.9
01/ Mar 18,2285.3,2275.1
02/ Mar 18,2279.7,2281.8
05/ Mar 18,2263.5,2277.1
06/ Mar 18,2270.8,2270.6
07/ Mar 18,2258.3,2269.5
08/ Mar 18,2260.7,2259.0
09/ Mar 18,2266.3,2264.0
12/ Mar 18,2287.8,2276.1
13/ Mar 18,2291.6,2280.6
14/ Mar 18,2283.3,2290.0
15/ Mar 18,2269.1,2280.0
16/ Mar 18,2270.8,2267.2
19/ Mar 18,2273.0,2271.7
20/ Mar 18,2283.7,2270.3
21/ Mar 18,2295.6,2287.8
22/ Mar 18,2309.5,2295.9
23/ Mar 18,2295.4,2289.7
26/ Mar 18,2289.2,2290.4
27/ Mar 18,2292.6,2292.3
28/ Mar 18,2287.3,2288.1
29/ Mar 18,2285.7,2289.4
30/ Mar 18,2294.8,2289.8
02/ Apr 18,2288.8,2294.6
03/ Apr 18,2279.8,2283.1
04/ Apr 18,2237.1,2275.1
05/ Apr 18,2262.3,2247.9
06/ Apr 18,2263.7,2266.2
09/ Apr 18,2279.7,2264.8
10/ Apr 18,2293.8,2277.3
11/ Apr 18,2305.1,2297.0
12/ Apr 18,2310.0,2308.2
13/ Apr 18,2304.0,2302.5
16/ Apr 18,2317.0,2304.6
17/ Apr 18,2319.4,2311.5
18/ Apr 18,2318.3,2324.0
19/ Apr 18,2338.1,2330.3
20/ Apr 18,2329.3,2338.9
23/ Apr 18,2320.5,2332.9
24/ Apr 18,2302.2,2325.0
25/ Apr 18,2286.0,2300.2
26/ Apr 18,2286.7,2291.5
27/ Apr 18,2300.8,2301.8
30/ Apr 18,2309.7,2297.9
02/ May 18,2287.3,2296.5
03/ May 18,2287.3,2283.4
04/ May 18,2275.3,2286.9
07/ May 18,2258.8,2276.5
08/ May 18,2281.7,2248.9
14/ May 18,2286.8,2242.4
15/ May 18,2284.4,2295.5
16/ May 18,2297.1,2289.2
17/ May 18,2292.7,2305.5
18/ May 18,2293.1,2298.2
21/ May 18,2292.2,2298.1
22/ May 18,2282.0,2293.8
23/ May 18,2231.8,2280.2
24/ May 18,2196.7,2237.1
25/ May 18,2223.9,2218.2
28/ May 18,2197.5,2219.3
30/ May 18,2127.8,2177.7
31/ May 18,2154.5,2143.4
01/ Jun 18,2174.3,2154.0
04/ Jun 18,2173.1,2181.1
05/ Jun 18,2173.4,2172.2
06/ Jun 18,2200.9,2171.8
07/ Jun 18,2211.9,2204.7
08/ Jun 18,2202.9,2214.8
11/ Jun 18,2200.1,2198.4
12/ Jun 18,2186.0,2199.2
13/ Jun 18,2185.5,2183.0
14/ Jun 18,2183.6,2170.1
18/ Jun 18,2161.1,2163.8
19/ Jun 18,2126.6,2154.9
20/ Jun 18,2119.9,2132.2
21/ Jun 18,2098.6,2121.1
22/ Jun 18,2101.1,2087.3
25/ Jun 18,2081.5,2117.4
26/ Jun 18,2079.0,2083.2
27/ Jun 18,2067.1,2077.3
28/ Jun 18,2066.9,2058.8
29/ Jun 18,2099.2,2066.4
02/ Jul 18,2091.5,2103.8
03/ Jul 18,2086.0,2091.4
04/ Jul 18,2096.3,2089.5
05/ Jul 18,2099.3,2098.7
06/ Jul 18,2066.3,2104.4
09/ Jul 18,2077.5,2066.7
10/ Jul 18,2095.7,2080.7
11/ Jul 18,2098.0,2090.9
12/ Jul 18,2116.7,2099.0
13/ Jul 18,2139.8,2125.8
16/ Jul 18,2146.0,2141.0
17/ Jul 18,2159.4,2146.7
18/ Jul 18,2179.4,2155.5
19/ Jul 18,2187.3,2181.0
20/ Jul 18,2181.9,2186.7
23/ Jul 18,2186.3,2180.3
24/ Jul 18,2192.8,2186.1
25/ Jul 18,2194.1,2190.6
26/ Jul 18,2197.5,2200.1
27/ Jul 18,2201.4,2195.0
30/ Jul 18,2203.0,2199.7
31/ Jul 18,2220.7,2200.8
01/ Aug 18,2226.1,2213.1
02/ Aug 18,2213.7,2226.4
03/ Aug 18,2216.4,2219.7
06/ Aug 18,2216.3,2218.8
07/ Aug 18,2230.7,2222.3
08/ Aug 18,2248.0,2233.6
09/ Aug 18,2248.6,2246.8
10/ Aug 18,2249.9,2248.0
13/ Aug 18,2222.2,2247.6
14/ Aug 18,2223.1,2218.1
15/ Aug 18,2226.1,2224.4
16/ Aug 18,2215.6,2221.6
17/ Aug 18,2223.6,2220.0
20/ Aug 18,2229.0,2225.1
21/ Aug 18,2242.4,2232.6
23/ Aug 18,2258.6,2247.1
24/ Aug 18,2256.1,2253.3
27/ Aug 18,2260.1,2255.1
28/ Aug 18,2279.5,2260.2
29/ Aug 18,2272.0,2273.5
30/ Aug 18,2271.1,2273.4
03/ Sep 18,2263.8,2273.1
04/ Sep 18,2263.1,2263.0
05/ Sep 18,2241.8,2254.1
06/ Sep 18,2245.9,2242.5
07/ Sep 18,2247.0,2249.6
12/ Sep 18,2229.9,2261.0
13/ Sep 18,2239.4,2232.3
14/ Sep 18,2253.6,2237.1
18/ Sep 18,2240.4,2239.0
19/ Sep 18,2250.4,2242.9
20/ Sep 18,2254.4,2254.8
21/ Sep 18,2263.4,2264.7
24/ Sep 18,2250.6,2261.9
25/ Sep 18,2243.8,2248.4
26/ Sep 18,2249.4,2237.2
27/ Sep 18,2249.6,2246.2
28/ Sep 18,2243.0,2246.4
01/ Oct 18,2242.4,2246.8
02/ Oct 18,2249.8,2243.1
03/ Oct 18,2247.8,2249.8
04/ Oct 18,2240.4,2248.7
05/ Oct 18,2224.4,2237.4
08/ Oct 18,2223.0,2220.2
09/ Oct 18,2221.3,2219.9
10/ Oct 18,2172.8,2231.0
11/ Oct 18,2139.6,2128.7
12/ Oct 18,2167.8,2134.2
15/ Oct 18,2165.6,2166.4
16/ Oct 18,2176.0,2165.1
17/ Oct 18,2181.0,2182.2
18/ Oct 18,2178.0,2178.5
19/ Oct 18,2171.0,2172.9
22/ Oct 18,2159.1,2168.9
23/ Oct 18,2128.2,2158.2
24/ Oct 18,2119.0,2127.9
25/ Oct 18,2115.0,2105.9
26/ Oct 18,2110.8,2120.1
29/ Oct 18,2111.9,2110.5
30/ Oct 18,2115.0,2117.8
31/ Oct 18,2144.5,2122.1
01/ Nov 18,2141.9,2146.5
02/ Nov 18,2150.9,2147.3
05/ Nov 18,2144.8,2158.9
07/ Nov 18,2152.7,2150.0
08/ Nov 18,2161.2,2166.9
09/ Nov 18,2144.8,2158.8
12/ Nov 18,2130.0,2140.0
13/ Nov 18,2119.5,2118.4
14/ Nov 18,2120.9,2117.5
15/ Nov 18,2128.4,2118.7
16/ Nov 18,2144.0,2143.3
19/ Nov 18,2149.7,2152.4
21/ Nov 18,2130.7,2129.7
22/ Nov 18,2131.3,2130.0
23/ Nov 18,2131.9,2132.7
26/ Nov 18,2139.9,2128.7
27/ Nov 18,2118.8,2136.1
28/ Nov 18,2121.0,2120.1
29/ Nov 18,2133.6,2131.8
30/ Nov 18,2113.2,2140.5
03/ Dec 18,2138.5,2120.9
04/ Dec 18,2132.8,2135.1
05/ Dec 18,2124.6,2118.7
06/ Dec 18,2118.7,2118.7
07/ Dec 18,2115.4,2116.5
10/ Dec 18,2094.0,2108.3
11/ Dec 18,2080.8,2085.8
12/ Dec 18,2094.5,2086.7
13/ Dec 18,2110.8,2104.7
14/ Dec 18,2093.4,2103.6
17/ Dec 18,2068.1,2077.7
18/ Dec 18,2060.4,2051.8
19/ Dec 18,2086.3,2061.5
20/ Dec 18,2080.2,2059.8
21/ Dec 18,2105.3,2073.8
24/ Dec 18,2122.6,2105.2
26/ Dec 18,2108.8,2103.8
27/ Dec 18,2131.9,2118.0
28/ Dec 18,2133.9,2128.6
31/ Dec 18,2132.3,2136.3
02/ Jan 19,2104.2,2136.2
03/ Jan 19,2114.1,2113.3
04/ Jan 19,2106.8,2110.3
07/ Jan 19,2118.8,2113.5
08/ Jan 19,2111.0,2127.3
09/ Jan 19,2105.0,2119.2
10/ Jan 19,2119.2,2117.3
11/ Jan 19,2124.9,2127.1
14/ Jan 19,2116.2,2124.9
15/ Jan 19,2120.6,2114.8
16/ Jan 19,2112.8,2116.2
17/ Jan 19,2125.6,2122.1
18/ Jan 19,2137.5,2124.7
22/ Jan 19,2150.2,2146.1
23/ Jan 19,2132.8,2136.1
24/ Jan 19,2139.9,2134.5
25/ Jan 19,2149.6,2147.8
28/ Jan 19,2145.4,2155.4
29/ Jan 19,2136.6,2142.1
30/ Jan 19,2128.9,2136.0
31/ Jan 19,2128.4,2142.7
04/ Feb 19,2128.8,2148.2
07/ Feb 19,2141.4,2134.6
08/ Feb 19,2132.9,2135.4
11/ Feb 19,2135.7,2135.9
12/ Feb 19,2134.5,2140.6
13/ Feb 19,2132.1,2135.2
14/ Feb 19,2137.1,2131.3
15/ Feb 19,2137.1,2141.4
18/ Feb 19,2142.2,2143.7
19/ Feb 19,2160.0,2144.1
20/ Feb 19,2185.1,2168.2
21/ Feb 19,2191.0,2180.5
22/ Feb 19,2179.5,2191.0
25/ Feb 19,2183.8,2180.9
26/ Feb 19,2177.0,2185.3
27/ Feb 19,2170.2,2174.8
28/ Feb 19,2163.2,2172.9
01/ Mar 19,2154.6,2154.2
04/ Mar 19,2146.2,2138.9
05/ Mar 19,2135.9,2131.5
06/ Mar 19,2137.6,2135.3
07/ Mar 19,2138.1,2132.2
08/ Mar 19,2129.4,2137.3
11/ Mar 19,2110.2,2129.6
12/ Mar 19,2118.9,2114.7
13/ Mar 19,2128.0,2119.0
14/ Mar 19,2123.5,2124.9
15/ Mar 19,2131.4,2123.8
18/ Mar 19,2144.8,2133.2
19/ Mar 19,2140.9,2147.0
20/ Mar 19,2136.8,2136.2
21/ Mar 19,2110.9,2141.3
22/ Mar 19,2115.0,2118.7
25/ Mar 19,2093.0,2096.8
26/ Mar 19,2094.2,2091.5
27/ Mar 19,2085.3,2093.5
28/ Mar 19,2083.8,2085.8
29/ Mar 19,2086.9,2092.9
01/ Apr 19,2068.1,2090.7
02/ Apr 19,2073.7,2074.9
03/ Apr 19,2087.1,2080.8
04/ Apr 19,2089.7,2088.3
05/ Apr 19,2085.8,2089.9
08/ Apr 19,2089.2,2088.4
09/ Apr 19,2086.4,2090.5
10/ Apr 19,2083.5,2086.5
11/ Apr 19,2064.4,2083.6
12/ Apr 19,2072.2,2065.0
15/ Apr 19,2073.9,2078.5
16/ Apr 19,2071.7,2074.4
17/ Apr 19,2061.1,2068.9
18/ Apr 19,2059.8,2057.2
19/ Apr 19,2063.0,2061.2
22/ Apr 19,2063.3,2063.9
23/ Apr 19,2070.3,2066.1
24/ Apr 19,2084.0,2078.5
25/ Apr 19,2081.3,2083.4
26/ Apr 19,2085.0,2085.3
29/ Apr 19,2083.9,2083.8
30/ Apr 19,2090.4,2080.6
02/ May 19,2077.8,2090.9
03/ May 19,2084.5,2077.2
06/ May 19,2079.0,2078.1
07/ May 19,2087.6,2071.6
08/ May 19,2080.5,2083.0
09/ May 19,2061.6,2075.7
10/ May 19,2051.3,2058.5
13/ May 19,2039.8,2051.9
14/ May 19,2037.6,2014.2
15/ May 19,2053.4,2040.7
16/ May 19,2038.1,2050.9
17/ May 19,2046.2,2038.5
21/ May 19,2044.3,2050.7
23/ May 19,2042.2,2039.7
24/ May 19,2037.9,2032.6
27/ May 19,2042.0,2045.9
28/ May 19,2059.1,2045.9
29/ May 19,2070.9,2059.4
30/ May 19,2087.5,2067.7
31/ May 19,2105.9,2091.9
03/ Jun 19,2112.0,2105.1
04/ Jun 19,2097.9,2110.6
07/ Jun 19,2104.8,2106.9
10/ Jun 19,2112.9,2108.4
11/ Jun 19,2107.7,2113.6
12/ Jun 19,2107.3,2102.1
13/ Jun 19,2098.6,2099.1
14/ Jun 19,2092.4,2106.1
17/ Jun 19,2092.3,2093.0
18/ Jun 19,2110.9,2090.3
19/ Jun 19,2128.7,2113.4
20/ Jun 19,2140.3,2121.7
21/ Jun 19,2149.2,2136.5
24/ Jun 19,2141.7,2145.7
25/ Jun 19,2142.5,2141.5
26/ Jun 19,2140.1,2139.7
27/ Jun 19,2138.0,2135.5
28/ Jun 19,2137.5,2136.6
01/ Jul 19,2152.5,2141.3
02/ Jul 19,2162.2,2155.5
03/ Jul 19,2161.2,2160.2
04/ Jul 19,2158.1,2159.6
05/ Jul 19,2152.1,2158.5
08/ Jul 19,2146.0,2148.6
09/ Jul 19,2153.0,2148.2
10/ Jul 19,2148.2,2153.0
11/ Jul 19,2148.8,2151.3
12/ Jul 19,2136.5,2151.3
15/ Jul 19,2140.5,2138.0
16/ Jul 19,2136.4,2139.6
17/ Jul 19,2122.0,2134.8
18/ Jul 19,2111.2,2122.6
19/ Jul 19,2123.3,2112.3
22/ Jul 19,2120.0,2123.7
23/ Jul 19,2120.6,2119.4
24/ Jul 19,2116.6,2118.5
25/ Jul 19,2122.2,2118.6
26/ Jul 19,2111.4,2118.8
29/ Jul 19,2104.9,2111.6
31/ Jul 19,2095.1,2102.9
01/ Aug 19,2100.7,2087.6
02/ Aug 19,2085.2,2091.1
05/ Aug 19,2064.5,2078.2
06/ Aug 19,2066.5,2042.2
07/ Aug 19,2057.6,2065.8
08/ Aug 19,2072.4,2061.0
09/ Aug 19,2071.3,2069.1
13/ Aug 19,2043.1,2071.8
14/ Aug 19,2052.9,2050.4
15/ Aug 19,2053.1,2033.4
16/ Aug 19,2052.0,2050.5
19/ Aug 19,2048.6,2047.4
20/ Aug 19,2057.0,2051.3
21/ Aug 19,2046.7,2055.3
22/ Aug 19,2057.1,2049.1
23/ Aug 19,2066.1,2048.7
26/ Aug 19,2055.0,2052.2
27/ Aug 19,2042.8,2056.4
28/ Aug 19,2041.8,2042.5
29/ Aug 19,2048.9,2046.5
30/ Aug 19,2070.9,2058.2
03/ Sep 19,2044.6,2071.9
04/ Sep 19,2055.6,2048.0
05/ Sep 19,2055.7,2053.6
06/ Sep 19,2062.0,2058.4
10/ Sep 19,2051.1,2044.7
11/ Sep 19,2059.6,2054.0
12/ Sep 19,2058.2,2061.0
13/ Sep 19,2058.8,2058.0
17/ Sep 19,2062.9,2070.1
18/ Sep 19,2057.0,2057.1
19/ Sep 19,2053.1,2056.1
20/ Sep 19,2054.8,2055.0
23/ Sep 19,2049.2,2055.2
24/ Sep 19,2048.7,2050.2
25/ Sep 19,2045.4,2049.2
26/ Sep 19,2050.0,2045.5
27/ Sep 19,2038.8,2046.7
30/ Sep 19,2038.8,2039.2
01/ Oct 19,2046.1,2040.3
02/ Oct 19,2027.6,2045.6
03/ Oct 19,2014.0,2024.1
04/ Oct 19,2005.9,2013.9
07/ Oct 19,2007.8,2006.3
08/ Oct 19,2007.8,2009.9
09/ Oct 19,1998.3,2002.8
10/ Oct 19,1999.3,1997.8
11/ Oct 19,2006.0,1998.4
14/ Oct 19,2020.0,2013.7
15/ Oct 19,2018.5,2019.5
16/ Oct 19,2029.9,2021.2
17/ Oct 19,2029.6,2027.8
18/ Oct 19,2025.5,2027.6
21/ Oct 19,2025.5,2022.7
22/ Oct 19,2029.8,2024.9
23/ Oct 19,2023.2,2026.9
24/ Oct 19,2026.4,2024.3
25/ Oct 19,2025.2,2029.0
29/ Oct 19,2035.5,2029.5
30/ Oct 19,2038.6,2042.4
31/ Oct 19,2062.0,2037.7
01/ Nov 19,2056.2,2059.3
04/ Nov 19,2069.7,2062.8
05/ Nov 19,2074.0,2064.1
06/ Nov 19,2069.7,2077.7
07/ Nov 19,2077.8,2072.0
08/ Nov 19,2078.6,2075.2
11/ Nov 19,2076.8,2080.0
12/ Nov 19,2079.0,2082.2
13/ Nov 19,2063.1,2080.8
14/ Nov 19,2058.6,2061.0
15/ Nov 19,2060.4,2059.1
18/ Nov 19,2073.0,2058.5
19/ Nov 19,2074.5,2069.0
20/ Nov 19,2069.3,2069.7
21/ Nov 19,2058.0,2069.9
22/ Nov 19,2064.3,2055.2
25/ Nov 19,2057.4,2062.2
26/ Nov 19,2047.9,2055.4
27/ Nov 19,2052.5,2053.1
28/ Nov 19,2048.3,2053.9
29/ Nov 19,2020.0,2051.0
02/ Dec 19,2031.6,2021.3
03/ Dec 19,2021.2,2029.7
04/ Dec 19,2019.7,2010.7
05/ Dec 19,2023.3,2021.2
06/ Dec 19,2029.8,2021.0
09/ Dec 19,2022.6,2027.1
10/ Dec 19,2021.7,2021.3
11/ Dec 19,2023.7,2018.0
12/ Dec 19,2029.3,2019.6
13/ Dec 19,2034.5,2041.4
16/ Dec 19,2032.4,2031.2
17/ Dec 19,2042.5,2035.9
18/ Dec 19,2071.4,2044.8
19/ Dec 19,2067.6,2056.1
20/ Dec 19,2086.2,2070.8
23/ Dec 19,2091.6,2081.6
24/ Dec 19,2079.0,2091.4
26/ Dec 19,2078.3,2079.8
27/ Dec 19,2087.7,2073.9
30/ Dec 19,2094.5,2086.4
31/ Dec 19,2059.8,2086.6
02/ Jan 20,2077.9,2063.0
03/ Jan 20,2089.6,2083.1
06/ Jan 20,2072.2,2089.6
07/ Jan 20,2089.7,2070.9
08/ Jan 20,2061.5,2080.9
09/ Jan 20,2070.2,2067.7
10/ Jan 20,2065.0,2071.7
13/ Jan 20,2056.5,2067.3
14/ Jan 20,2051.4,2057.0
15/ Jan 20,2057.5,2050.7
16/ Jan 20,2061.3,2053.8
17/ Jan 20,2071.8,2060.3
20/ Jan 20,2063.0,2072.8
21/ Jan 20,2061.3,2063.8
22/ Jan 20,2049.3,2058.0
23/ Jan 20,2045.0,2046.1
24/ Jan 20,2043.1,2044.1
28/ Jan 20,2015.8,2024.8
29/ Jan 20,2014.5,2016.0
30/ Jan 20,2008.4,2015.8
31/ Jan 20,1989.8,2006.9
03/ Feb 20,1978.1,1978.4
04/ Feb 20,1996.4,1986.6
05/ Feb 20,1997.9,2001.6
06/ Feb 20,2018.9,2003.4
07/ Feb 20,2021.3,2021.1
10/ Feb 20,2006.4,2024.9
11/ Feb 20,2017.9,2009.3
12/ Feb 20,2007.0,2017.5
13/ Feb 20,2002.3,2009.6
14/ Feb 20,2009.4,2002.0
17/ Feb 20,2000.1,2007.7
18/ Feb 20,2000.3,1999.5
19/ Feb 20,1996.7,2003.3
20/ Feb 20,1998.0,2000.8
21/ Feb 20,1993.3,1990.5
24/ Feb 20,1940.0,1954.8
25/ Feb 20,1954.3,1929.0
26/ Feb 20,1947.1,1939.5
27/ Feb 20,1960.9,1949.3
28/ Feb 20,1931.2,1934.1
02/ Mar 20,1911.0,1916.7
03/ Mar 20,1926.4,1923.4
04/ Mar 20,1941.4,1926.2
05/ Mar 20,1943.0,1944.7
06/ Mar 20,1932.9,1937.7
09/ Mar 20,1856.3,1902.7
10/ Mar 20,1864.7,1845.7
11/ Mar 20,1882.3,1866.1
12/ Mar 20,1850.7,1866.4
13/ Mar 20,1753.6,1778.3
16/ Mar 20,1670.1,1720.7
17/ Mar 20,1639.0,1587.7
18/ Mar 20,1616.2,1636.3
19/ Mar 20,1591.2,1601.7
20/ Mar 20,1700.4,1592.5
23/ Mar 20,1644.0,1630.5
24/ Mar 20,1685.0,1659.1
25/ Mar 20,1728.7,1725.7
26/ Mar 20,1733.6,1741.0
27/ Mar 20,1753.4,1743.6
30/ Mar 20,1735.0,1744.6
31/ Mar 20,1764.0,1745.3
01/ Apr 20,1727.3,1756.3
02/ Apr 20,1738.2,1724.8
03/ Apr 20,1738.1,1739.3
06/ Apr 20,1752.7,1740.9
07/ Apr 20,1789.8,1771.0
08/ Apr 20,1778.9,1785.5
09/ Apr 20,1790.0,1788.9
10/ Apr 20,1774.2,1779.6
13/ Apr 20,1772.5,1775.0
14/ Apr 20,1793.1,1779.2
15/ Apr 20,1814.4,1798.5
16/ Apr 20,1812.9,1807.0
17/ Apr 20,1840.4,1824.9
20/ Apr 20,1848.1,1846.3
21/ Apr 20,1807.3,1840.6
22/ Apr 20,1807.7,1787.4
23/ Apr 20,1807.6,1816.9
24/ Apr 20,1792.4,1800.6
27/ Apr 20,1793.0,1794.8
28/ Apr 20,1795.8,1795.5
29/ Apr 20,1806.6,1796.3
30/ Apr 20,1842.8,1811.6
04/ May 20,1802.2,1818.2
05/ May 20,1819.4,1805.2
06/ May 20,1803.0,1817.2
08/ May 20,1810.3,1810.0
12/ May 20,1807.4,1806.7
13/ May 20,1830.1,1811.9
14/ May 20,1830.5,1834.5
15/ May 20,1838.8,1838.8
18/ May 20,1847.8,1846.8
19/ May 20,1866.1,1860.6
20/ May 20,1880.9,1873.3
21/ May 20,1903.4,1884.3
22/ May 20,1883.5,1902.7
27/ May 20,1903.4,1897.0
28/ May 20,1911.1,1905.9
29/ May 20,1932.0,1902.2
01/ Jun 20,1954.4,1934.3
02/ Jun 20,1977.6,1947.2
03/ Jun 20,2018.3,1988.3
04/ Jun 20,2049.1,2022.7
05/ Jun 20,2042.1,2048.5
09/ Jun 20,2067.0,2064.0
10/ Jun 20,2067.4,2068.7
11/ Jun 20,2044.0,2070.8
12/ Jun 20,2029.5,1985.3
15/ Jun 20,1967.8,2032.4
16/ Jun 20,1992.8,1994.4
17/ Jun 20,2004.3,2006.5
18/ Jun 20,1976.4,2002.2
19/ Jun 20,1979.7,1967.5
22/ Jun 20,1985.2,1978.2
23/ Jun 20,1979.9,1985.3
24/ Jun 20,1974.3,1980.6
25/ Jun 20,1956.9,1963.8
26/ Jun 20,1955.7,1960.8
29/ Jun 20,1964.2,1952.1
30/ Jun 20,1973.0,1963.1
01/ Jul 20,1990.9,1977.1
02/ Jul 20,2019.9,1991.6
03/ Jul 20,2041.7,2029.6
06/ Jul 20,2073.8,2043.4
07/ Jul 20,2060.6,2080.8
08/ Jul 20,2082.9,2054.8
09/ Jul 20,2082.8,2083.7
10/ Jul 20,2094.4,2077.4
13/ Jul 20,2113.8,2100.6
14/ Jul 20,2103.9,2116.5
15/ Jul 20,2086.8,2107.8
16/ Jul 20,2060.0,2084.1
17/ Jul 20,2101.5,2057.6
20/ Jul 20,2092.6,2116.2
21/ Jul 20,2101.4,2091.5
22/ Jul 20,2089.9,2099.2
23/ Jul 20,2115.7,2090.1
24/ Jul 20,2093.8,2111.8
27/ Jul 20,2096.5,2100.7
28/ Jul 20,2121.1,2100.9
29/ Jul 20,2123.2,2121.5
30/ Jul 20,2113.4,2126.9
03/ Aug 20,2072.6,2102.1
04/ Aug 20,2077.2,2080.2
05/ Aug 20,2067.1,2081.2
06/ Aug 20,2094.3,2079.7
07/ Aug 20,2080.8,2097.2
10/ Aug 20,2072.5,2082.6
11/ Aug 20,2063.6,2084.0
12/ Aug 20,2053.2,2056.0
13/ Aug 20,2079.5,2063.3
14/ Aug 20,2064.1,2082.8
17/ Aug 20,2059.3,2060.8
18/ Aug 20,2082.1,2058.0
19/ Aug 20,2079.0,2080.4
21/ Aug 20,2081.6,2078.5
24/ Aug 20,2070.5,2083.7
25/ Aug 20,2052.8,2063.9
26/ Aug 20,2045.9,2052.7
27/ Aug 20,2053.0,2044.3
28/ Aug 20,2014.2,2053.6
01/ Sep 20,2009.4,2036.0
02/ Sep 20,2030.9,2014.5
03/ Sep 20,2001.9,2035.3
04/ Sep 20,2002.8,1987.9
07/ Sep 20,2003.7,2001.4
08/ Sep 20,2007.8,2006.7
09/ Sep 20,1978.1,1990.1
10/ Sep 20,1969.6,1985.6
11/ Sep 20,1989.3,1964.7
14/ Sep 20,1998.2,2000.9
15/ Sep 20,2024.7,1997.1
17/ Sep 20,2000.9,2038.0
18/ Sep 20,1992.6,1999.4
21/ Sep 20,1983.3,1997.8
22/ Sep 20,1991.9,1978.0
23/ Sep 20,1979.8,1994.1
24/ Sep 20,1985.8,1977.7
25/ Sep 20,1997.0,1995.5
28/ Sep 20,2000.6,1998.7
29/ Sep 20,1990.6,2002.3
30/ Sep 20,1992.0,1993.3
01/ Oct 20,1981.6,1987.9
02/ Oct 20,1986.5,1979.2
05/ Oct 20,2002.7,1987.7
06/ Oct 20,1999.1,2007.3
07/ Oct 20,1972.9,1999.0
08/ Oct 20,2012.7,1981.0
09/ Oct 20,2027.4,2009.6
12/ Oct 20,2011.8,2021.8
13/ Oct 20,2021.0,2006.4
14/ Oct 20,2018.7,2019.1
15/ Oct 20,2006.6,2016.5
16/ Oct 20,1993.4,2013.9
19/ Oct 20,2012.5,1998.1
20/ Oct 20,2003.3,2013.3
21/ Oct 20,1978.9,2004.9
22/ Oct 20,1987.6,1979.9
23/ Oct 20,1982.3,1989.1
26/ Oct 20,1982.5,1983.8
27/ Oct 20,1990.3,1979.4
28/ Oct 20,1983.7,1997.4
30/ Oct 20,1946.4,1982.8
02/ Nov 20,1946.0,1944.7
03/ Nov 20,1939.6,1949.8
04/ Nov 20,1944.0,1943.9
05/ Nov 20,1993.2,1949.9
06/ Nov 20,2017.5,1992.5
09/ Nov 20,2024.0,2020.4
10/ Nov 20,2091.6,2021.1
11/ Nov 20,2085.2,2088.7
12/ Nov 20,2112.9,2080.0
13/ Nov 20,2111.7,2110.0
16/ Nov 20,2125.2,2116.8
17/ Nov 20,2139.4,2125.4
18/ Nov 20,2132.4,2140.9
19/ Nov 20,2104.7,2120.8
20/ Nov 20,2118.3,2106.7
23/ Nov 20,2123.5,2117.9
24/ Nov 20,2098.4,2111.8
25/ Nov 20,2124.1,2103.8
26/ Nov 20,2143.7,2124.5
27/ Nov 20,2137.9,2148.0
30/ Nov 20,2078.5,2137.1
01/ Dec 20,2131.3,2101.9
02/ Dec 20,2126.8,2134.5
03/ Dec 20,2166.4,2130.3
04/ Dec 20,2158.1,2166.2
07/ Dec 20,2159.7,2161.3
08/ Dec 20,2171.7,2163.4
09/ Dec 20,2191.7,2184.3
10/ Dec 20,2202.4,2198.8
11/ Dec 20,2242.8,2211.1
14/ Dec 20,2214.0,2240.3
15/ Dec 20,2229.3,2212.7
16/ Dec 20,2239.4,2256.6
17/ Dec 20,2230.2,2243.4
18/ Dec 20,2201.4,2233.8
21/ Dec 20,2195.5,2200.8
22/ Dec 20,2174.4,2194.3
23/ Dec 20,2195.4,2174.2
24/ Dec 20,2187.3,2197.8
28/ Dec 20,2191.1,2188.9
29/ Dec 20,2179.5,2192.0
30/ Dec 20,2192.3,2180.6
31/ Dec 20,2169.6,2192.4
04/ Jan 21,2137.0,2172.3
05/ Jan 21,2145.0,2138.0
06/ Jan 21,2123.4,2148.5
07/ Jan 21,2138.3,2120.4
08/ Jan 21,2178.9,2137.2
11/ Jan 21,2157.9,2171.2
12/ Jan 21,2151.2,2156.3
13/ Jan 21,2184.4,2159.0
14/ Jan 21,2183.3,2186.4
15/ Jan 21,2172.0,2185.7
18/ Jan 21,2148.9,2170.0
19/ Jan 21,2139.0,2151.2
20/ Jan 21,2138.8,2145.4
21/ Jan 21,2130.0,2148.2
22/ Jan 21,2132.9,2132.0
25/ Jan 21,2106.2,2138.2
26/ Jan 21,2104.7,2125.2
27/ Jan 21,2112.1,2118.0
29/ Jan 21,2093.3,2134.5
02/ Feb 21,2112.4,2105.1
03/ Feb 21,2116.0,2117.4
04/ Feb 21,2118.8,2115.1
05/ Feb 21,2110.7,2122.8
08/ Feb 21,2103.9,2113.4
09/ Feb 21,2121.2,2105.9
10/ Feb 21,2135.8,2122.6
11/ Feb 21,2139.5,2143.2
15/ Feb 21,2151.4,2149.9
16/ Feb 21,2149.0,2156.9
17/ Feb 21,2134.8,2153.8
18/ Feb 21,2109.0,2140.4
19/ Feb 21,2121.4,2115.1
22/ Feb 21,2102.3,2125.1
23/ Feb 21,2095.3,2106.9
24/ Feb 21,2085.5,2103.6
25/ Feb 21,2117.9,2098.3
26/ Feb 21,2113.1,2117.4
01/ Mar 21,2099.1,2114.6
02/ Mar 21,2103.0,2105.9
03/ Mar 21,2128.2,2112.7
04/ Mar 21,2118.8,2129.0
05/ Mar 21,2144.3,2121.0
08/ Mar 21,2160.3,2154.5
09/ Mar 21,2177.9,2166.1
10/ Mar 21,2198.4,2183.9
11/ Mar 21,2184.6,2194.5
12/ Mar 21,2166.5,2186.5
15/ Mar 21,2173.8,2172.0
16/ Mar 21,2178.1,2177.9
17/ Mar 21,2179.7,2180.6
18/ Mar 21,2184.1,2181.6
19/ Mar 21,2181.9,2188.4
22/ Mar 21,2169.5,2185.2
23/ Mar 21,2141.0,2169.8
24/ Mar 21,2150.8,2136.4
25/ Mar 21,2144.8,2158.4
26/ Mar 21,2150.0,2146.4
29/ Mar 21,2163.5,2153.1
30/ Mar 21,2160.9,2156.8
31/ Mar 21,2113.3,2160.9
01/ Apr 21,2125.8,2122.2
02/ Apr 21,2129.7,2131.2
05/ Apr 21,2128.4,2129.3
06/ Apr 21,2121.5,2134.1
07/ Apr 21,2150.9,2129.1
08/ Apr 21,2153.6,2150.1
09/ Apr 21,2167.1,2170.7
12/ Apr 21,2162.2,2169.7
13/ Apr 21,2148.1,2162.9
14/ Apr 21,2149.1,2151.7
15/ Apr 21,2162.8,2151.4
16/ Apr 21,2163.2,2162.0
19/ Apr 21,2152.6,2163.1
20/ Apr 21,2162.7,2153.0
21/ Apr 21,2148.1,2159.3
22/ Apr 21,2163.4,2152.8
23/ Apr 21,2164.6,2163.0
26/ Apr 21,2185.1,2168.0
27/ Apr 21,2162.8,2185.0
28/ Apr 21,2165.5,2162.8
30/ Apr 21,2156.5,2174.8
03/ May 21,2142.1,2157.4
04/ May 21,2139.0,2143.6
05/ May 21,2122.3,2144.3
06/ May 21,2126.1,2117.7
07/ May 21,2138.7,2126.8
10/ May 21,2134.2,2139.0
11/ May 21,2126.0,2128.2
12/ May 21,2132.8,2124.4
17/ May 21,2134.3,2126.3
18/ May 21,2145.2,2134.3
19/ May 21,2130.9,2145.3
20/ May 21,2124.1,2127.5
21/ May 21,2106.6,2116.4
24/ May 21,2119.9,2109.1
25/ May 21,2128.3,2116.4
27/ May 21,2150.2,2130.6
28/ May 21,2151.2,2138.7
31/ May 21,2136.8,2119.9
01/ Jun 21,2140.2,2140.0
02/ Jun 21,2156.7,2139.9
03/ Jun 21,2147.0,2158.5
04/ Jun 21,2130.9,2146.9
08/ Jun 21,2144.0,2135.2
09/ Jun 21,2135.5,2146.4
10/ Jun 21,2133.6,2138.3
11/ Jun 21,2127.5,2138.5
14/ Jun 21,2137.6,2137.6
15/ Jun 21,2136.4,2142.8
16/ Jun 21,2132.5,2138.8
17/ Jun 21,2122.7,2133.4
18/ Jun 21,2147.6,2123.3
21/ Jun 21,2125.1,2136.3
22/ Jun 21,2127.8,2124.4
23/ Jun 21,2115.5,2125.0
24/ Jun 21,2103.5,2117.4
25/ Jun 21,2109.1,2104.4
28/ Jun 21,2089.1,2106.4
29/ Jun 21,2094.3,2086.3
30/ Jun 21,2073.3,2093.1
01/ Jul 21,2075.7,2074.5
02/ Jul 21,2074.8,2075.2
05/ Jul 21,2073.7,2076.0
06/ Jul 21,2072.9,2073.3
07/ Jul 21,2071.2,2072.3
08/ Jul 21,2042.4,2065.7
09/ Jul 21,2058.7,2042.2
12/ Jul 21,2048.6,2061.2
13/ Jul 21,2057.9,2050.1
14/ Jul 21,2048.3,2059.7
15/ Jul 21,2060.1,2048.9
16/ Jul 21,2062.6,2064.5
19/ Jul 21,2059.4,2063.1
21/ Jul 21,2055.0,2061.5
22/ Jul 21,2070.3,2058.6
23/ Jul 21,2064.8,2071.3
26/ Jul 21,2050.3,2066.5
27/ Jul 21,2053.4,2054.9
28/ Jul 21,2054.7,2049.4
29/ Jul 21,2051.6,2054.4
30/ Jul 21,2027.0,2050.5
02/ Aug 21,2025.1,2031.0
03/ Aug 21,2035.1,2025.5
04/ Aug 21,2023.3,2031.3
05/ Aug 21,2029.6,2026.7
06/ Aug 21,2021.7,2028.6
09/ Aug 21,2031.3,2024.6
11/ Aug 21,2042.0,2035.2
